{"type":"FeatureCollection","features":[{"type":"Feature","properties":{},"geometry":{"type":"MultiLineString","coordinates":[[[-74.01056,40.72221],[-74.01163,40.72232]],[[-73.99863,40.71352],[-73.99859,40.71348],[-73.99853,40.71345]],[[-73.99133,40.71941],[-73.99053,40.71917]],[[-74.01333,40.70504],[-74.01263,40.70501]],[[-74.00002,40.70783],[-74.00002,40.70799]],[[-73.99633,40.7176],[-73.99614,40.71789],[-73.99598,40.71818],[-73.99583,40.71848],[-73.9957,40.71878]],[[-74.01209,40.70909],[-74.01194,40.70931]],[[-73.99362,40.7131],[-73.99395,40.71375]],[[-74.01479,40.69855],[-74.01513,40.69934]],[[-74.00926,40.71326],[-74.0101,40.71365],[-74.01056,40.71385]],[[-73.99974,40.70814],[-73.99964,40.7082]],[[-74.00678,40.71361],[-74.00631,40.71417]],[[-73.99415,40.72273],[-73.99491,40.72304]],[[-73.99272,40.71385],[-73.99247,40.71387]],[[-74.00383,40.72346],[-74.00364,40.72369]],[[-73.99227,40.72489],[-73.99215,40.72523]],[[-74.01677,40.70934],[-74.01638,40.71009]],[[-74.00162,40.70957],[-74.00311,40.71075]],[[-74.01321,40.71653],[-74.01334,40.71657]],[[-73.99859,40.72464],[-73.99935,40.72502]],[[-74.01144,40.72429],[-74.01159,40.72431]],[[-73.99204,40.70953],[-73.99142,40.70846],[-73.99083,40.70739]],[[-73.99589,40.70327],[-73.99592,40.70333],[-73.99597,40.70338],[-73.99602,40.70344],[-73.99607,40.70349],[-73.99613,40.70353],[-73.9962,40.70358],[-73.99627,40.70361],[-73.99635,40.70364],[-73.99643,40.70367]],[[-73.99643,40.70367],[-73.99718,40.70366]],[[-73.99718,40.70366],[-73.99761,40.70341],[-73.99801,40.70312],[-73.99837,40.70281]],[[-73.99837,40.70281],[-73.99913,40.70206],[-73.99929,40.7019],[-74.00125,40.69985],[-74.00177,40.69928]],[[-74.00177,40.69928],[-74.00199,40.69899],[-74.00221,40.6987],[-74.00242,40.6984]],[[-74.00242,40.6984],[-74.00262,40.69811]],[[-74.00383,40.7119],[-74.00362,40.71199],[-74.00315,40.71232],[-74.00299,40.71242],[-74.0029,40.71249],[-74.00278,40.71256],[-74.00271,40.71262]],[[-74.00526,40.70893],[-74.00551,40.7091]],[[-73.99889,40.71261],[-73.99823,40.71325]],[[-74.00167,40.70953],[-74.0022,40.70997]],[[-74.00703,40.72443],[-74.00703,40.7245]],[[-73.99912,40.72655],[-73.99907,40.72661]],[[-74.01798,40.71503],[-74.01834,40.71456],[-74.0195,40.71471]],[[-74.0195,40.71471],[-74.01952,40.71471],[-74.01954,40.71471],[-74.01957,40.71471],[-74.01959,40.71471],[-74.01961,40.7147],[-74.01963,40.7147],[-74.01965,40.71469],[-74.01967,40.71468],[-74.01969,40.71467],[-74.01971,40.71466],[-74.01972,40.71465],[-74.01974,40.71464],[-74.01975,40.71462],[-74.01976,40.71461],[-74.01977,40.71459],[-74.01978,40.71458]],[[-74.01978,40.71458],[-74.02,40.71364]],[[-74.00569,40.70638],[-74.005,40.70686]],[[-73.99547,40.72163],[-73.99491,40.72304]],[[-74.0095,40.70639],[-74.00881,40.70602]],[[-74.00453,40.71629],[-74.00303,40.71559]],[[-74.0052,40.70601],[-74.00444,40.70544]],[[-74.00911,40.72592],[-74.0091,40.72599]],[[-73.99402,40.70949],[-73.994,40.70941]],[[-74.00275,40.70722],[-74.00233,40.70672]],[[-74.00455,40.72557],[-74.00578,40.72568]],[[-74.00338,40.71122],[-74.00333,40.71125]],[[-74.01522,40.71602],[-74.01525,40.71605],[-74.01528,40.71609],[-74.01529,40.71614],[-74.01527,40.71618],[-74.01525,40.71622],[-74.01502,40.7165]],[[-73.98674,40.71154],[-73.9861,40.7116],[-73.98601,40.71161]],[[-74.00014,40.70273],[-74.00046,40.70227],[-74.00247,40.70025],[-74.00296,40.69975]],[[-74.00296,40.69975],[-74.00309,40.69963],[-74.00322,40.69952],[-74.00336,40.69941]],[[-74.00336,40.69941],[-74.0035,40.69929],[-74.00364,40.69918],[-74.00378,40.69907]],[[-74.015,40.70624],[-74.015,40.70596]],[[-74.00643,40.72041],[-74.0067,40.72045]],[[-74.00795,40.70555],[-74.00745,40.70606]],[[-74.0144,40.70611],[-74.01434,40.70625]],[[-74.01244,40.70142],[-74.0124,40.70137],[-74.01238,40.70131]],[[-74.00152,40.7097],[-74.00146,40.70965]],[[-74.00157,40.71369],[-74.00174,40.71379],[-74.0026,40.71432]],[[-73.99924,40.71892],[-73.99852,40.71979]],[[-73.99749,40.71402],[-73.99745,40.71408]],[[-74.01438,40.70823],[-74.01521,40.70847]],[[-73.98852,40.72147],[-73.9879,40.72263]],[[-74.00556,40.70279],[-74.00498,40.70289],[-74.00435,40.7024]],[[-74.00435,40.7024],[-74.0043,40.70236],[-74.00425,40.70233],[-74.00419,40.7023]],[[-74.00419,40.7023],[-74.00414,40.70227],[-74.00408,40.70225],[-74.00402,40.70223]],[[-74.01414,40.70126],[-74.01412,40.70127],[-74.0141,40.70129],[-74.01408,40.7013]],[[-74.01408,40.7013],[-74.01406,40.70132],[-74.01404,40.70134],[-74.01402,40.70136]],[[-74.01402,40.70136],[-74.01401,40.70138],[-74.01401,40.70139],[-74.014,40.70141],[-74.014,40.70143],[-74.01399,40.70145]],[[-74.01399,40.70145],[-74.01398,40.70154]],[[-73.99437,40.71372],[-73.994,40.71307]],[[-74.01491,40.70722],[-74.01555,40.70762]],[[-73.99687,40.71507],[-73.9966,40.7155],[-73.99629,40.71601],[-73.99615,40.71609]],[[-73.99404,40.72033],[-73.99384,40.72084]],[[-73.98767,40.71285],[-73.98741,40.71287],[-73.98727,40.71288],[-73.98693,40.71291]],[[-74.0026,40.71991],[-74.00222,40.72035]],[[-74.00447,40.71403],[-74.00402,40.71457]],[[-74.00203,40.7047],[-74.00168,40.70441],[-74.00038,40.70335]],[[-74.0009,40.72578],[-73.99997,40.72688]],[[-74.02047,40.71351],[-74.02204,40.71275]],[[-74.00393,40.71187],[-74.00389,40.71188],[-74.00383,40.7119]],[[-74.00158,40.70963],[-74.00146,40.70965]],[[-74.01172,40.71367],[-74.01153,40.7143]],[[-73.99118,40.71735],[-73.99072,40.71828]],[[-73.99745,40.71408],[-73.99703,40.71461],[-73.99675,40.71503]],[[-74.00589,40.71469],[-74.00755,40.71544]],[[-74.00617,40.71631],[-74.00668,40.71654]],[[-74.00236,40.7177],[-74.00183,40.71832]],[[-74.01798,40.71503],[-74.01838,40.71431],[-74.02,40.71364]],[[-73.99731,40.71346],[-73.99455,40.71369]],[[-73.99821,40.70396],[-73.9979,40.70423],[-73.99759,40.7045],[-73.99727,40.70477]],[[-73.99727,40.70477],[-73.99694,40.70503],[-73.99661,40.70529],[-73.99627,40.70555]],[[-74.01233,40.71395],[-74.01344,40.71444]],[[-74.01617,40.70791],[-74.01663,40.70814]],[[-74.01296,40.70778],[-74.01215,40.709]],[[-74.01503,40.70893],[-74.01487,40.70942]],[[-73.99427,40.71563],[-73.99462,40.71575]],[[-73.99348,40.71239],[-73.9931,40.71171]],[[-74.00341,40.71081],[-74.00351,40.7109]],[[-73.99083,40.70739],[-73.99081,40.7074],[-73.99079,40.7074],[-73.99077,40.70741]],[[-73.99077,40.70741],[-73.99075,40.70741],[-73.99073,40.70742],[-73.99071,40.70742]],[[-73.98835,40.72009],[-73.98777,40.72124]],[[-73.99282,40.71649],[-73.9937,40.71676]],[[-74.00233,40.70672],[-74.00134,40.70728]],[[-73.99928,40.70877],[-73.99865,40.70887]],[[-74.01034,40.72352],[-74.01022,40.72418]],[[-74.00977,40.72213],[-74.00966,40.72279]],[[-74.00368,40.71833],[-74.00305,40.71803]],[[-74.0086,40.7114],[-74.00884,40.71151],[-74.01012,40.71209]],[[-74.0152,40.70458],[-74.01517,40.70477],[-74.01516,40.70481]],[[-73.99222,40.70975],[-73.99218,40.70976]],[[-74.00777,40.70332],[-74.00768,40.70323]],[[-74.0071,40.71601],[-74.00838,40.7166]],[[-74.00048,40.70836],[-74.00013,40.70792]],[[-73.99648,40.72369],[-73.99588,40.72441]],[[-74.00326,40.72039],[-74.00351,40.72056]],[[-74.0115,40.72298],[-74.01136,40.72363]],[[-74.01045,40.72287],[-74.01034,40.72352]],[[-74.01156,40.70473],[-74.01157,40.70426]],[[-74.02138,40.6989],[-74.02135,40.69916]],[[-73.9918,40.71618],[-73.99191,40.71621],[-73.99193,40.71622],[-73.99201,40.71624]],[[-74.01018,40.72012],[-74.01007,40.72076]],[[-73.98934,40.71414],[-73.9887,40.71419]],[[-74.01439,40.70361],[-74.01426,40.70443]],[[-74.01426,40.70443],[-74.01425,40.70445],[-74.01425,40.70447],[-74.01426,40.70448],[-74.01426,40.7045]],[[-74.01426,40.7045],[-74.01427,40.70451],[-74.01427,40.70453],[-74.01428,40.70454],[-74.01429,40.70456]],[[-74.01012,40.71209],[-74.00967,40.71273]],[[-74.00785,40.71174],[-74.00789,40.71174],[-74.00794,40.71175],[-74.00799,40.71174],[-74.00803,40.71174],[-74.00808,40.71173]],[[-74.00808,40.71173],[-74.0081,40.71172],[-74.00812,40.71172],[-74.00814,40.71171]],[[-74.00814,40.71171],[-74.00815,40.7117],[-74.00817,40.71169],[-74.00818,40.71167],[-74.00819,40.71166],[-74.0082,40.71165],[-74.00821,40.71164],[-74.00821,40.71162],[-74.00822,40.71161],[-74.00822,40.71159],[-74.00822,40.71158],[-74.00822,40.71156],[-74.00822,40.71155],[-74.00822,40.71153],[-74.00821,40.71152],[-74.00821,40.7115]],[[-74.00821,40.7115],[-74.00817,40.71149],[-74.00813,40.71148],[-74.00809,40.71147]],[[-74.00809,40.71147],[-74.00805,40.71146],[-74.00801,40.71146],[-74.00797,40.71146]],[[-74.00438,40.72406],[-74.00338,40.72526]],[[-74.00019,40.70865],[-74.00009,40.70857],[-74,40.70849],[-73.99981,40.70834]],[[-74.01169,40.7097],[-74.01123,40.71038]],[[-73.99103,40.72366],[-73.99103,40.72374]],[[-73.99212,40.71984],[-73.99151,40.72104]],[[-74.00763,40.72351],[-74.00765,40.72358],[-74.00764,40.72365],[-74.00763,40.72372],[-74.00759,40.72379],[-74.00754,40.72385],[-74.00748,40.7239]],[[-74.016,40.70718],[-74.01598,40.70722],[-74.01597,40.70724],[-74.01596,40.70728],[-74.01582,40.70762],[-74.01579,40.70771]],[[-73.99004,40.72193],[-73.98944,40.72309]],[[-73.99575,40.7209],[-73.99547,40.72163]],[[-74.00134,40.70728],[-74.00118,40.70736]],[[-73.99082,40.72428],[-73.99034,40.72494]],[[-74.01521,40.70847],[-74.01503,40.70893]],[[-74.00569,40.70638],[-74.0052,40.70601]],[[-74.02377,40.71258],[-74.02391,40.71254]],[[-74.00835,40.72133],[-74.00918,40.72141]],[[-74.00947,40.71042],[-74.0108,40.71103]],[[-73.99337,40.7124],[-73.99327,40.71241]],[[-74.01595,40.7151],[-74.01671,40.71547]],[[-74.01671,40.71547],[-74.01669,40.71549],[-74.01668,40.71552],[-74.01666,40.71554]],[[-74.01666,40.71554],[-74.01664,40.71557],[-74.01663,40.7156],[-74.01661,40.71562]],[[-74.01661,40.71562],[-74.01656,40.71573],[-74.01651,40.71585],[-74.01648,40.71596]],[[-74.01648,40.71596],[-74.01646,40.71607],[-74.01644,40.71619],[-74.01644,40.71631]],[[-73.98788,40.71742],[-73.98867,40.71766]],[[-74.01402,40.7137],[-74.01398,40.7138]],[[-73.98695,40.72099],[-73.98616,40.72075]],[[-73.99684,40.72051],[-73.99735,40.72071]],[[-74.01536,40.70492],[-74.01528,40.70522],[-74.01526,40.70529]],[[-74.01308,40.70916],[-74.01389,40.70951]],[[-74.0041,40.71185],[-74.00401,40.71186]],[[-74.0174,40.70847],[-74.01815,40.7088]],[[-74.0031,40.71397],[-74.00322,40.71404],[-74.0034,40.71416]],[[-73.98742,40.71148],[-73.98691,40.71153],[-73.98674,40.71154]],[[-73.99881,40.72303],[-73.99779,40.72424]],[[-74.00632,40.70347],[-74.00488,40.7034],[-74.00393,40.70271]],[[-74.00393,40.70271],[-74.00361,40.70267],[-74.00329,40.70265],[-74.00297,40.70265]],[[-74.00297,40.70265],[-74.00265,40.70268],[-74.00234,40.70273],[-74.00204,40.7028]],[[-74.00918,40.72141],[-74.00906,40.72207]],[[-74.0238,40.71373],[-74.02379,40.71373],[-74.02379,40.71373],[-74.02378,40.71373],[-74.02377,40.71373],[-74.02377,40.71373],[-74.02376,40.71372],[-74.02376,40.71372],[-74.02375,40.71372],[-74.02375,40.71371],[-74.02374,40.71371],[-74.02374,40.7137],[-74.02374,40.7137],[-74.02373,40.7137],[-74.02373,40.71369],[-74.02373,40.71369],[-74.02373,40.71368],[-74.02373,40.71368],[-74.02373,40.71367],[-74.02373,40.71367]],[[-74.02373,40.71367],[-74.02383,40.71303]],[[-74.00529,40.71201],[-74.00526,40.71201]],[[-74.01496,40.70477],[-74.01516,40.70481],[-74.01527,40.70484]],[[-73.99282,40.71437],[-73.99272,40.71385]],[[-73.9935,40.72435],[-73.99346,40.72444],[-73.99343,40.72452]],[[-73.98717,40.71432],[-73.98586,40.71443],[-73.98567,40.71444],[-73.98559,40.71445],[-73.98535,40.71447]],[[-73.99539,40.72502],[-73.99495,40.72487]],[[-74.01609,40.70771],[-74.01616,40.70753],[-74.01621,40.70755]],[[-74.0104,40.71881],[-74.01229,40.71905]],[[-74.02004,40.71547],[-74.02133,40.71565]],[[-74.02133,40.71565],[-74.02136,40.71566],[-74.02139,40.71567],[-74.02142,40.71568],[-74.02144,40.7157],[-74.02147,40.71571],[-74.02149,40.71573],[-74.02151,40.71575],[-74.02153,40.71577],[-74.02154,40.7158],[-74.02156,40.71582],[-74.02157,40.71584],[-74.02157,40.71587],[-74.02158,40.71589],[-74.02158,40.71592],[-74.02158,40.71594],[-74.02158,40.71597],[-74.02157,40.71599]],[[-74.02157,40.71599],[-74.02089,40.72014],[-74.01994,40.72526]],[[-73.99608,40.7098],[-73.99607,40.70976]],[[-74.01758,40.70685],[-74.01796,40.70701]],[[-74.01155,40.70496],[-74.01156,40.70473]],[[-74.00014,40.70273],[-73.99901,40.70373]],[[-74.01443,40.70316],[-74.01439,40.70361]],[[-74.00523,40.72175],[-74.00531,40.72183]],[[-73.99177,40.70956],[-73.99118,40.70852],[-73.99058,40.70745]],[[-73.9907,40.71721],[-73.99023,40.71813]],[[-74.01491,40.70622],[-74.015,40.70596]],[[-74.00903,40.70532],[-74.00801,40.70545]],[[-73.99798,40.72267],[-73.99695,40.72389]],[[-73.9997,40.71179],[-73.99958,40.7118]],[[-73.9997,40.70856],[-73.9995,40.70829]],[[-74.00271,40.71262],[-74.00291,40.71308]],[[-74.0009,40.71306],[-74.00093,40.71327],[-74.00126,40.71351]],[[-73.98995,40.71698],[-73.98916,40.71672]],[[-74.01142,40.72618],[-74.01158,40.72623]],[[-73.99961,40.72343],[-73.99859,40.72464]],[[-74.0105,40.70381],[-74.00946,40.70454]],[[-74.00482,40.7084],[-74.00428,40.70861],[-74.00397,40.70873]],[[-74.00566,40.72007],[-74.00643,40.72041]],[[-73.99191,40.70982],[-73.99184,40.70983]],[[-74.00419,40.70049],[-74.0042,40.70055],[-74.00421,40.70061],[-74.00422,40.70067]],[[-74.00422,40.70067],[-74.00422,40.70072],[-74.00423,40.70078],[-74.00424,40.70084]],[[-74.00424,40.70084],[-74.00425,40.70096],[-74.00427,40.70109],[-74.00429,40.70121]],[[-74.00429,40.70121],[-74.00432,40.70133],[-74.00435,40.70145],[-74.00438,40.70157]],[[-74.00604,40.72441],[-74.00612,40.72435],[-74.00622,40.7243],[-74.00634,40.72426],[-74.00647,40.72424],[-74.00661,40.72424],[-74.00674,40.72427],[-74.00685,40.72431],[-74.00695,40.72437],[-74.00703,40.72443]],[[-73.9997,40.71179],[-73.99889,40.71261]],[[-74.00992,40.726],[-74.01087,40.72609]],[[-73.99776,40.72158],[-73.99712,40.72231]],[[-73.99212,40.71984],[-73.99124,40.71957]],[[-74.00954,40.71034],[-74.00947,40.71042]],[[-74.00351,40.7109],[-74.00366,40.71092]],[[-74.00739,40.70519],[-74.00677,40.70563]],[[-73.99023,40.71813],[-73.99072,40.71828]],[[-74.00659,40.71577],[-74.00617,40.71631]],[[-73.99751,40.71408],[-73.99749,40.71402]],[[-73.99735,40.72071],[-73.99766,40.72084]],[[-74.01474,40.70984],[-74.01488,40.70984],[-74.01505,40.70984]],[[-74.00359,40.71105],[-74.00382,40.71117],[-74.00391,40.71118]],[[-74.00648,40.71124],[-74.00608,40.71152],[-74.006,40.71158],[-74.00585,40.71169]],[[-74.00644,40.70957],[-74.00609,40.70992]],[[-73.99502,40.70455],[-73.99501,40.70456],[-73.99501,40.70457],[-73.995,40.70458]],[[-73.995,40.70458],[-73.99499,40.70459],[-73.99499,40.7046],[-73.99498,40.70461]],[[-73.9995,40.70829],[-73.99919,40.70848]],[[-73.99212,40.71059],[-73.99208,40.71024]],[[-74.0026,40.71991],[-74.00326,40.72039]],[[-74.0151,40.70647],[-74.01595,40.70668]],[[-74.01319,40.70405],[-74.01311,40.7036]],[[-74.00475,40.70524],[-74.00468,40.70514]],[[-74.00408,40.70174],[-74.00383,40.70187]],[[-73.99131,40.71603],[-73.9918,40.71618]],[[-73.99852,40.71979],[-73.99766,40.72084]],[[-74.01163,40.72232],[-74.0115,40.72298]],[[-74.00556,40.70279],[-74.00516,40.70267],[-74.00459,40.70221]],[[-74.00459,40.70221],[-74.00451,40.70213],[-74.00444,40.70204],[-74.00437,40.70195]],[[-74.00437,40.70195],[-74.00431,40.70186],[-74.00426,40.70176],[-74.00422,40.70166]],[[-73.98674,40.71154],[-73.98657,40.71048]],[[-73.98831,40.71139],[-73.98822,40.71077]],[[-74.00784,40.72344],[-74.00763,40.72351]],[[-74.00123,40.70967],[-74.00048,40.70906],[-74.00021,40.70884]],[[-74.01527,40.70484],[-74.01536,40.70492],[-74.01566,40.70494]],[[-73.99717,40.71464],[-73.99804,40.71483]],[[-73.99655,40.70585],[-73.99648,40.7059]],[[-73.99942,40.71869],[-73.99924,40.71892]],[[-74.00745,40.70606],[-74.00713,40.70638]],[[-74.00827,40.70773],[-74.00937,40.70862]],[[-73.98843,40.72327],[-73.98745,40.72284],[-73.98737,40.72281],[-73.98704,40.72267],[-73.9871,40.72256]],[[-74.01112,40.7156],[-74.01097,40.71631]],[[-74.00756,40.72585],[-74.00835,40.72592]],[[-74.01523,40.70717],[-74.01504,40.70699]],[[-73.99471,40.72132],[-73.99547,40.72163]],[[-74.02165,40.70114],[-74.02183,40.70167],[-74.02195,40.70221],[-74.02202,40.70275]],[[-74.02202,40.70275],[-74.02203,40.7033],[-74.02198,40.70384],[-74.02188,40.70438]],[[-74.02188,40.70438],[-74.02065,40.71252],[-74.02047,40.71351]],[[-74.0019,40.70828],[-74.00186,40.70824],[-74.00146,40.70788]],[[-73.99985,40.7218],[-74.00066,40.72219]],[[-74.00422,40.70166],[-74.00408,40.70174]],[[-74.00294,40.71716],[-74.00354,40.71746]],[[-73.99214,40.71443],[-73.99189,40.71491]],[[-73.98744,40.71822],[-73.98703,40.71808],[-73.98663,40.71794]],[[-74.0091,40.72599],[-74.0095,40.72604],[-74.00991,40.72608]],[[-73.99987,40.72044],[-73.9996,40.72075],[-73.99941,40.72099],[-73.99903,40.72143]],[[-74.01671,40.70498],[-74.0167,40.70498],[-74.01669,40.70498],[-74.01668,40.70498]],[[-74.01668,40.70498],[-74.01667,40.70497],[-74.01666,40.70497],[-74.01666,40.70497]],[[-74.00723,40.71306],[-74.00703,40.7133],[-74.00678,40.71361]],[[-74.0163,40.70645],[-74.01643,40.70649]],[[-73.99959,40.71446],[-73.9988,40.71451]],[[-74.00113,40.72417],[-74.0001,40.72539]],[[-74.00842,40.70954],[-74.00775,40.71023]],[[-73.99484,40.71422],[-73.99473,40.71422]],[[-74.00008,40.70769],[-74.00004,40.70777],[-74.00002,40.70783]],[[-74.00924,40.71553],[-74.01097,40.71631]],[[-74.00964,40.71734],[-74.00999,40.71739]],[[-74.00775,40.71023],[-74.00906,40.71089]],[[-74.01517,40.69854],[-74.01548,40.69933]],[[-74.00364,40.72369],[-74.00262,40.72489]],[[-74.01478,40.71639],[-74.0149,40.71644]],[[-73.99387,40.72602],[-73.9944,40.72627]],[[-74.00566,40.72007],[-74.00519,40.71985]],[[-74.00677,40.71151],[-74.00648,40.71124]],[[-74.01127,40.72614],[-74.01142,40.72618]],[[-74.00349,40.70185],[-74.00305,40.70191],[-74.00262,40.70199],[-74.00219,40.70209]],[[-74.00219,40.70209],[-74.00177,40.70219],[-74.00135,40.70231],[-74.00094,40.70244]],[[-74.00094,40.70244],[-74.0008,40.70247],[-74.00066,40.70251],[-74.00052,40.70256]],[[-74.00052,40.70256],[-74.00039,40.70261],[-74.00026,40.70267],[-74.00014,40.70273]],[[-74.01373,40.71369],[-74.01344,40.71444]],[[-74.01566,40.70484],[-74.01566,40.70489],[-74.01566,40.70494]],[[-74.00468,40.70514],[-74.00466,40.7051],[-74.00463,40.70507]],[[-74.01056,40.71385],[-74.01028,40.7142],[-74.01013,40.71439]],[[-74.00883,40.7138],[-74.00839,40.71437]],[[-73.98532,40.71664],[-73.9862,40.71691]],[[-73.99712,40.71281],[-73.99695,40.71208]],[[-74.00328,40.70583],[-74.00203,40.7047]],[[-73.99103,40.72374],[-73.991,40.72402]],[[-74.01454,40.71711],[-74.01516,40.7174],[-74.01577,40.71768]],[[-73.99415,40.72273],[-73.9935,40.72435]],[[-74.00475,40.70524],[-74.00444,40.70544]],[[-74.00823,40.72197],[-74.00812,40.72263]],[[-74.00943,40.7241],[-74.00934,40.72458]],[[-73.99751,40.71408],[-73.99757,40.71409]],[[-73.98992,40.70639],[-73.98955,40.70648],[-73.98917,40.70658],[-73.9888,40.70667]],[[-73.9888,40.70667],[-73.98842,40.70677],[-73.98805,40.70687],[-73.98768,40.70697]],[[-73.98768,40.70697],[-73.98749,40.707],[-73.9873,40.70703],[-73.98711,40.70706]],[[-73.98711,40.70706],[-73.98692,40.70708],[-73.98673,40.7071],[-73.98654,40.70712]],[[-74.00743,40.72661],[-74.00897,40.72675]],[[-73.98976,40.71556],[-73.99056,40.7158]],[[-74.0143,40.717],[-74.01383,40.71762]],[[-74.00204,40.7028],[-74.0007,40.70325],[-74.00038,40.70335]],[[-74.00998,40.70182],[-74.00944,40.70198]],[[-74.01184,40.72234],[-74.01199,40.72236]],[[-74.00419,40.71184],[-74.00413,40.71179],[-74.00408,40.71175]],[[-73.99622,40.70153],[-73.99623,40.70152],[-73.99624,40.70151],[-73.99626,40.7015],[-73.99627,40.70149]],[[-73.99627,40.70149],[-73.99627,40.70147],[-73.99628,40.70146],[-73.99629,40.70145],[-73.99629,40.70143]],[[-74.00879,40.70422],[-74.00813,40.70468]],[[-73.99222,40.71767],[-73.99175,40.71859]],[[-74.01007,40.70455],[-74.00975,40.70478]],[[-73.99684,40.72536],[-73.99766,40.72574]],[[-73.99695,40.72389],[-73.99779,40.72424]],[[-73.99013,40.71339],[-73.9886,40.71352]],[[-73.99447,40.72585],[-73.99465,40.72594]],[[-73.99712,40.72231],[-73.99798,40.72267]],[[-74.01793,40.70618],[-74.0187,40.70652]],[[-74.00888,40.71827],[-74.00754,40.71767]],[[-73.99056,40.7158],[-73.99021,40.71648],[-73.99019,40.71652],[-73.98995,40.71698]],[[-74.00313,40.71341],[-74.00311,40.7137]],[[-74.00523,40.72175],[-74.00531,40.72173]],[[-73.98506,40.71309],[-73.98503,40.71291],[-73.98503,40.71286]],[[-74.00527,40.72303],[-74.00506,40.72299]],[[-74.00383,40.70187],[-74.0038,40.70179],[-74.00378,40.70171],[-74.00375,40.70163]],[[-74.00375,40.70163],[-74.00372,40.70144],[-74.00371,40.70125],[-74.00372,40.70107],[-74.00376,40.70088],[-74.00381,40.7007]],[[-74.00381,40.7007],[-74.00385,40.70061],[-74.00389,40.70053],[-74.00394,40.70045]],[[-74.00394,40.70045],[-74.00399,40.70036],[-74.00404,40.70028],[-74.0041,40.70021]],[[-73.99649,40.71021],[-73.99643,40.70991],[-73.99641,40.70984],[-73.99639,40.70976]],[[-74.00594,40.7197],[-74.00681,40.71979]],[[-73.99219,40.71969],[-73.99133,40.71941]],[[-74.01316,40.71732],[-74.01333,40.7174]],[[-74.01663,40.70814],[-74.0174,40.70847]],[[-73.99227,40.71248],[-73.99205,40.71249],[-73.9918,40.71251],[-73.99118,40.71256],[-73.99087,40.71258],[-73.99049,40.71261],[-73.99023,40.71263],[-73.98997,40.71265]],[[-73.9995,40.70829],[-73.99938,40.70819]],[[-73.99218,40.70976],[-73.99213,40.70969]],[[-73.99901,40.70373],[-73.99866,40.70409],[-73.9966,40.70581]],[[-74.00791,40.72371],[-74.00773,40.72389],[-74.00717,40.7243]],[[-74.00433,40.70783],[-74.00482,40.7084]],[[-74.00167,40.71001],[-74.00185,40.71026],[-74.00186,40.71029],[-74.00242,40.7108],[-74.00275,40.71113],[-74.00291,40.7113],[-74.00303,40.71145]],[[-74.01106,40.72516],[-74.01118,40.72518],[-74.01127,40.7252]],[[-74.00943,40.7241],[-74.01022,40.72418]],[[-73.99932,40.71593],[-74.00014,40.71621]],[[-73.99675,40.71503],[-73.99681,40.71505],[-73.99687,40.71507]],[[-74.00108,40.70985],[-74.00043,40.70933],[-74.00033,40.70924],[-74.00027,40.70916],[-74.00025,40.70911],[-74.00025,40.70905]],[[-74.01627,40.71347],[-74.01755,40.71369],[-74.01734,40.71495]],[[-74.01255,40.70151],[-74.01267,40.70155]],[[-74.0069,40.70483],[-74.00629,40.70424]],[[-74.01772,40.70798],[-74.0174,40.70847]],[[-74.00445,40.72273],[-74.00377,40.72239]],[[-74.00678,40.70673],[-74.00602,40.70615]],[[-73.99606,40.70921],[-73.99402,40.70949]],[[-74.00066,40.72085],[-73.99985,40.7218]],[[-74.00532,40.71828],[-74.00659,40.71887]],[[-73.99071,40.70742],[-73.99069,40.70743],[-73.99067,40.70743],[-73.99065,40.70744]],[[-73.99065,40.70744],[-73.99063,40.70744],[-73.99061,40.70745],[-73.99058,40.70745]],[[-74.00542,40.70481],[-74.0052,40.70495],[-74.00475,40.70524]],[[-74.00875,40.71904],[-74.0087,40.7193]],[[-74.00796,40.70321],[-74.00777,40.70332]],[[-74.01069,40.71748],[-74.01053,40.71812]],[[-74.0069,40.70483],[-74.00621,40.70532]],[[-74.01638,40.71009],[-74.01763,40.7104]],[[-74.00643,40.71909],[-74.00694,40.71913]],[[-74.02151,40.69805],[-74.02149,40.69815],[-74.02147,40.69824],[-74.02146,40.69834]],[[-74.02146,40.69834],[-74.02144,40.69843],[-74.02143,40.69853],[-74.02142,40.69863]],[[-74.02374,40.71069],[-74.0234,40.71269]],[[-73.99648,40.7059],[-73.99615,40.70564]],[[-74.00728,40.70872],[-74.00653,40.70824]],[[-73.99348,40.71239],[-73.99337,40.7124]],[[-74.01283,40.70242],[-74.01266,40.70182],[-74.01255,40.70151]],[[-74.00378,40.69907],[-74.00379,40.69886],[-74.00381,40.69865],[-74.00382,40.69844]],[[-74.00382,40.69844],[-74.00383,40.69823],[-74.00385,40.69801]],[[-73.99123,40.7238],[-73.991,40.72402]],[[-74.0087,40.7193],[-74.01029,40.71946]],[[-74.01375,40.70121],[-74.01307,40.70132],[-74.01296,40.70133],[-74.01269,40.70136],[-74.0125,40.7014],[-74.01244,40.70142]],[[-74.00705,40.70988],[-74.00775,40.71023]],[[-74.00356,40.70202],[-74.00349,40.70185]],[[-74.01755,40.70362],[-74.01756,40.70371],[-74.01756,40.7038],[-74.01755,40.70389],[-74.01753,40.70398]],[[-74.01753,40.70398],[-74.01741,40.70397]],[[-74.01741,40.70397],[-74.01739,40.70399],[-74.01736,40.70402],[-74.01733,40.70405],[-74.0173,40.70407],[-74.01727,40.70409],[-74.01723,40.70411],[-74.01719,40.70412],[-74.01716,40.70414],[-74.01711,40.70415],[-74.01707,40.70416],[-74.01703,40.70416],[-74.01699,40.70416],[-74.01694,40.70416],[-74.0169,40.70416],[-74.01686,40.70416],[-74.01682,40.70415],[-74.01678,40.70414],[-74.01674,40.70412]],[[-73.99575,40.70277],[-73.99573,40.70281],[-73.99572,40.70285],[-73.99572,40.70289],[-73.99572,40.70293],[-73.99572,40.70297],[-73.99573,40.70301],[-73.99575,40.70305],[-73.99577,40.70308],[-73.99579,40.70312],[-73.99582,40.70316]],[[-73.99582,40.70316],[-73.99584,40.70317],[-73.99585,40.70319],[-73.99586,40.70321],[-73.99587,40.70323],[-73.99588,40.70325],[-73.99589,40.70327]],[[-74.00392,40.70725],[-74.00311,40.70768]],[[-73.99903,40.72143],[-73.99798,40.72267]],[[-74.00193,40.72456],[-74.00262,40.72489]],[[-73.9926,40.71512],[-73.9934,40.71536]],[[-73.99302,40.71436],[-73.99294,40.71384]],[[-74.00403,40.71688],[-74.00331,40.71653]],[[-74.00429,40.71292],[-74.00434,40.71283],[-74.00441,40.71271],[-74.00449,40.71255],[-74.0045,40.71241],[-74.00446,40.71228],[-74.00442,40.7122],[-74.00423,40.71203],[-74.00401,40.71186]],[[-74.00865,40.70735],[-74.00827,40.70773]],[[-73.98652,40.71812],[-73.98591,40.71935]],[[-73.98663,40.71794],[-73.98623,40.71778],[-73.98583,40.71761]],[[-74.01238,40.70131],[-74.01235,40.70122]],[[-74.01256,40.71908],[-74.01245,40.71956],[-74.01227,40.72034]],[[-74.0104,40.71881],[-74.01031,40.71934],[-74.01029,40.71946]],[[-74.01109,40.72612],[-74.01127,40.72614]],[[-74.00456,40.70642],[-74.00387,40.7058]],[[-74.0081,40.712],[-74.00967,40.71273]],[[-73.99071,40.70742],[-73.99051,40.70707]],[[-73.99481,40.71847],[-73.9944,40.71947]],[[-74.00677,40.70563],[-74.00602,40.70615]],[[-74.00143,40.71995],[-74.00222,40.72035]],[[-74.00349,40.70185],[-74.00347,40.70179],[-74.00346,40.70173],[-74.00344,40.70167]],[[-74.00344,40.70167],[-74.0034,40.70145],[-74.00339,40.70124],[-74.0034,40.70102],[-74.00344,40.70081],[-74.0035,40.70059]],[[-74.0035,40.70059],[-74.00354,40.70051],[-74.00358,40.70042],[-74.00363,40.70033]],[[-74.00363,40.70033],[-74.00368,40.70025],[-74.00374,40.70017],[-74.0038,40.70009]],[[-74.00597,40.72037],[-74.00643,40.72041]],[[-74.01022,40.72418],[-74.01124,40.72427]],[[-74.01005,40.72525],[-74.01081,40.7258],[-74.01092,40.7258]],[[-73.99981,40.70834],[-73.99964,40.7082]],[[-74.01231,40.70269],[-74.01218,40.70275],[-74.01205,40.7028],[-74.01192,40.70285]],[[-74.01192,40.70285],[-74.01178,40.70289],[-74.01165,40.70293],[-74.01151,40.70297]],[[-74.01568,40.70126],[-74.01569,40.70155],[-74.01568,40.70185]],[[-74.00028,40.71763],[-73.99996,40.71803]],[[-73.99985,40.7218],[-73.99881,40.72303]],[[-74.00246,40.71158],[-74.00228,40.71132],[-74.00209,40.71108],[-74.00187,40.71084]],[[-74.00187,40.71084],[-74.00164,40.71061],[-74.0014,40.71039],[-74.00114,40.71018]],[[-74.01369,40.7153],[-74.01429,40.71539]],[[-73.99917,40.72649],[-73.99997,40.72688]],[[-73.99471,40.72132],[-73.99415,40.72273]],[[-74.00967,40.71273],[-74.011,40.71334]],[[-74.0158,40.70708],[-74.01578,40.70713],[-74.01575,40.70719]],[[-74.02085,40.70428],[-74.02076,40.70385],[-74.02064,40.70342],[-74.0205,40.703]],[[-74.0205,40.703],[-74.02032,40.70258],[-74.02012,40.70217],[-74.0199,40.70177]],[[-74.00796,40.71713],[-74.009,40.71761]],[[-74.0019,40.70828],[-74.00147,40.7085],[-74.00143,40.70852],[-74.00086,40.7088]],[[-74.00755,40.71544],[-74.00882,40.71602]],[[-73.99672,40.7255],[-73.9958,40.72527]],[[-73.98777,40.72124],[-73.98695,40.72099]],[[-74.00678,40.71361],[-74.00839,40.71437]],[[-74.01256,40.71908],[-74.0127,40.7191]],[[-74.01502,40.7165],[-74.01564,40.71678],[-74.01626,40.71706]],[[-73.99627,40.72196],[-73.99712,40.72231]],[[-74.0044,40.714],[-74.00447,40.71403]],[[-74.00677,40.70563],[-74.00621,40.70532]],[[-73.98675,40.7196],[-73.98616,40.72075]],[[-73.9934,40.71536],[-73.99282,40.71649]],[[-73.99205,40.70978],[-73.99201,40.70979]],[[-74.00146,40.70788],[-74.00048,40.70836]],[[-73.98837,40.71645],[-73.98795,40.71727],[-73.98792,40.71734],[-73.98788,40.71742]],[[-74.00614,40.71945],[-74.00518,40.71901]],[[-73.99446,40.71303],[-73.99436,40.71232]],[[-74.00644,40.70957],[-74.00705,40.70988]],[[-73.99023,40.70632],[-73.9901,40.70634]],[[-74.01245,40.72037],[-74.01232,40.72098],[-74.01224,40.72114],[-74.01212,40.72169],[-74.01199,40.72236]],[[-74.00684,40.70787],[-74.00653,40.70824]],[[-74.00254,40.71864],[-74.00183,40.71832]],[[-74.01535,40.70733],[-74.01523,40.70717]],[[-73.99032,40.70629],[-73.99023,40.70632]],[[-73.98831,40.71139],[-73.9882,40.7114]],[[-73.99766,40.72574],[-73.99841,40.72611]],[[-73.98583,40.71761],[-73.98566,40.71756],[-73.98538,40.71748],[-73.98523,40.71744]],[[-74.01595,40.70668],[-74.01605,40.70671],[-74.01614,40.70642],[-74.01624,40.70644]],[[-73.98825,40.71847],[-73.98744,40.71822]],[[-74.0108,40.69962],[-74.01177,40.70043],[-74.01199,40.70071]],[[-73.99142,40.71743],[-73.99131,40.71739],[-73.99118,40.71735]],[[-74.00907,40.70555],[-74.00987,40.7058]],[[-74.01592,40.70912],[-74.01677,40.70934]],[[-73.99615,40.70564],[-73.99494,40.70467]],[[-74.00519,40.71985],[-74.00437,40.71947]],[[-73.99247,40.71387],[-73.99123,40.71397],[-73.99106,40.71399],[-73.99019,40.71406]],[[-73.99465,40.72594],[-73.99506,40.72615]],[[-73.98994,40.71122],[-73.98979,40.7101]],[[-73.99395,40.7143],[-73.99302,40.71436]],[[-74.01308,40.71648],[-74.01321,40.71653]],[[-74.00781,40.7091],[-74.00705,40.70988]],[[-73.99361,40.71238],[-73.99348,40.71239]],[[-74.00686,40.72183],[-74.00713,40.72186]],[[-74.00776,40.71081],[-74.00677,40.71151]],[[-74.00521,40.72064],[-74.00464,40.72136]],[[-73.9966,40.70581],[-73.99627,40.70555]],[[-74.00892,40.70495],[-74.0089,40.70487]],[[-73.99123,40.71449],[-73.99113,40.71468]],[[-74.01267,40.71016],[-74.01349,40.71053],[-74.01443,40.71098]],[[-73.98754,40.7162],[-73.98672,40.71596]],[[-73.98911,40.72032],[-73.98852,40.72147]],[[-73.98897,40.71888],[-73.98817,40.71862]],[[-74.00552,40.7058],[-74.00475,40.70524]],[[-74.00025,40.70905],[-74.00021,40.70884]],[[-74.00453,40.71629],[-74.0042,40.71668]],[[-73.9958,40.72527],[-73.99528,40.72516]],[[-74.00717,40.7243],[-74.00703,40.7245]],[[-74.01569,40.70731],[-74.01585,40.70726],[-74.016,40.70718]],[[-74.00838,40.7166],[-74.00912,40.71693]],[[-74.00966,40.70876],[-74.0098,40.70883],[-74.01,40.70892],[-74.01054,40.70916]],[[-73.9958,40.72527],[-73.99506,40.72615]],[[-73.99412,40.71306],[-73.99406,40.71307]],[[-73.99414,40.71428],[-73.99395,40.7143]],[[-74.00738,40.71059],[-74.00609,40.70992]],[[-74.01089,40.70446],[-74.01091,40.70445],[-74.01112,40.70437],[-74.01134,40.70431],[-74.01157,40.70426]],[[-73.99859,40.72464],[-73.99766,40.72574]],[[-74.00932,40.72471],[-74.00973,40.725]],[[-74.00447,40.71403],[-74.00589,40.71469]],[[-74.0009,40.72578],[-74.0016,40.72613]],[[-73.99175,40.71859],[-73.99133,40.71941]],[[-73.99756,40.72587],[-73.99723,40.72625],[-73.99666,40.72694]],[[-73.99323,40.7117],[-73.99273,40.71078]],[[-74.01389,40.70951],[-74.01369,40.71007]],[[-74.013,40.70052],[-74.01271,40.69945]],[[-73.99684,40.72051],[-73.99674,40.72077],[-73.99658,40.72118]],[[-74.00856,40.72401],[-74.00943,40.7241]],[[-74.01136,40.72429],[-74.01144,40.72429]],[[-74.01195,40.70746],[-74.0117,40.70776]],[[-74.01538,40.71584],[-74.01522,40.71602]],[[-74.01398,40.70154],[-74.01401,40.70198]],[[-74.01401,40.70198],[-74.01401,40.70199],[-74.01401,40.702],[-74.01401,40.70201],[-74.014,40.70201],[-74.014,40.70202],[-74.01399,40.70203]],[[-74.01399,40.70203],[-74.01399,40.70203],[-74.01399,40.70203],[-74.01398,40.70204]],[[-74.01398,40.70204],[-74.01398,40.70205],[-74.01397,40.70205],[-74.01396,40.70206],[-74.01395,40.70207],[-74.01394,40.70207],[-74.01392,40.70208],[-74.01391,40.70208],[-74.0139,40.70209],[-74.01389,40.70209]],[[-74.01389,40.70209],[-74.01388,40.70209],[-74.01387,40.70209],[-74.01387,40.70209],[-74.01386,40.70209],[-74.01385,40.70209],[-74.01385,40.7021],[-74.01384,40.7021],[-74.01384,40.7021],[-74.01383,40.70211],[-74.01383,40.70211],[-74.01382,40.70211],[-74.01382,40.70212],[-74.01382,40.70212],[-74.01381,40.70213],[-74.01381,40.70213],[-74.01381,40.70214],[-74.01381,40.70214],[-74.01381,40.70215],[-74.01381,40.70215],[-74.01381,40.70216]],[[-74.01381,40.70216],[-74.01382,40.70224]],[[-73.98719,40.7224],[-73.98715,40.72245],[-73.98714,40.72248],[-73.9871,40.72256]],[[-74.00372,40.70694],[-74.00392,40.70725]],[[-74.00584,40.72109],[-74.00572,40.72176]],[[-74.01516,40.70481],[-74.01516,40.70486],[-74.01508,40.70518],[-74.01506,40.70525]],[[-73.99802,40.70893],[-73.99606,40.70921]],[[-74.00209,40.71916],[-74.00189,40.71941]],[[-73.99494,40.70467],[-73.99482,40.7048],[-73.9947,40.70492],[-73.99457,40.70504]],[[-73.99457,40.70504],[-73.99443,40.70516],[-73.99429,40.70527],[-73.99414,40.70537]],[[-73.99414,40.70537],[-73.99398,40.70545],[-73.99381,40.70552],[-73.99364,40.70558],[-73.99346,40.70563]],[[-73.99346,40.70563],[-73.99241,40.70585],[-73.99137,40.70607],[-73.99032,40.70629]],[[-74.00406,40.70745],[-74.00433,40.70783]],[[-73.9931,40.71171],[-73.9926,40.71081]],[[-73.9944,40.72627],[-73.99503,40.72659],[-73.99473,40.72695]],[[-74.00751,40.71168],[-74.00741,40.7117],[-74.00702,40.71179]],[[-74.01722,40.7269],[-74.01724,40.7268],[-74.01765,40.72498],[-74.01873,40.71986],[-74.0195,40.71599]],[[-74.0195,40.71599],[-74.0195,40.71597],[-74.01951,40.71595],[-74.01951,40.71593],[-74.01951,40.71591],[-74.0195,40.71589],[-74.0195,40.71587],[-74.01949,40.71585],[-74.01948,40.71583],[-74.01946,40.71581],[-74.01945,40.7158],[-74.01943,40.71578],[-74.01941,40.71577],[-74.01939,40.71575],[-74.01937,40.71574],[-74.01935,40.71573],[-74.01932,40.71572],[-74.0193,40.71571],[-74.01927,40.71571],[-74.01925,40.7157],[-74.01922,40.7157]],[[-74.01922,40.7157],[-74.01812,40.71555],[-74.01798,40.71503]],[[-73.99248,40.71083],[-73.99205,40.71006]],[[-74.01352,40.70695],[-74.01396,40.70712]],[[-74.01419,40.70458],[-74.01429,40.70456]],[[-74.01798,40.71503],[-74.0182,40.71539],[-74.02001,40.71564]],[[-74.00946,40.70454],[-74.0089,40.70487]],[[-74.00369,40.70195],[-74.00367,40.70193],[-74.00365,40.7019],[-74.00363,40.70188]],[[-74.00363,40.70188],[-74.00362,40.70187],[-74.00361,40.70187],[-74.0036,40.70186],[-74.00359,40.70186],[-74.00358,40.70185],[-74.00357,40.70185],[-74.00355,40.70185],[-74.00354,40.70184],[-74.00353,40.70184],[-74.00352,40.70184],[-74.0035,40.70184],[-74.00349,40.70185]],[[-73.99543,40.71729],[-73.99481,40.71847]],[[-74.01054,40.70916],[-74.01161,40.70964],[-74.01169,40.7097]],[[-73.98591,40.71935],[-73.98507,40.71909]],[[-74.00791,40.72371],[-74.00806,40.72387],[-74.00815,40.72394],[-74.00852,40.72421],[-74.00865,40.72423]],[[-73.99931,40.71756],[-73.99996,40.71803]],[[-74.00128,40.71],[-74.00108,40.70985]],[[-74.0052,40.70601],[-74.00456,40.70642]],[[-73.9937,40.71676],[-73.9931,40.71793]],[[-74.00609,40.70992],[-74.00515,40.70943]],[[-74.0056,40.71041],[-74.00509,40.71099]],[[-74.00338,40.71122],[-74.00334,40.71118],[-74.00282,40.71077],[-74.00273,40.71069],[-74.00259,40.71057],[-74.00181,40.70993]],[[-74.01568,40.70185],[-74.01567,40.70194],[-74.01565,40.70204]],[[-73.98867,40.71766],[-73.98947,40.7179]],[[-73.98736,40.71838],[-73.98694,40.71825],[-73.98652,40.71812]],[[-74.01789,40.70948],[-74.01842,40.70959]],[[-74.00518,40.71901],[-74.00485,40.71886]],[[-74.00999,40.70516],[-74.00903,40.70532]],[[-74.00681,40.71979],[-74.00859,40.71996]],[[-73.99779,40.72424],[-73.99684,40.72536]],[[-74.0127,40.7191],[-74.01268,40.71922],[-74.01265,40.71933],[-74.01263,40.71951],[-74.01261,40.71966],[-74.01256,40.71992],[-74.01249,40.72019],[-74.01245,40.72037]],[[-74.00801,40.70799],[-74.00764,40.70835]],[[-73.99615,40.71609],[-73.99606,40.71624]],[[-73.99044,40.71933],[-73.99032,40.71929],[-73.99021,40.71925]],[[-74.01555,40.70762],[-74.01554,40.70766],[-74.01552,40.70771]],[[-74.00934,40.72458],[-74.00856,40.72401]],[[-74.00393,40.72086],[-74.00464,40.72136]],[[-73.99282,40.71437],[-73.99256,40.7144]],[[-74.00833,40.70382],[-74.00767,40.70429]],[[-74.00797,40.72337],[-74.00794,40.72352]],[[-74.02346,40.70975],[-74.02294,40.71282]],[[-74.01125,40.70831],[-74.0102,40.70771]],[[-74.01758,40.70685],[-74.01712,40.70747]],[[-73.99571,40.72337],[-73.99535,40.72408]],[[-74.00612,40.72375],[-74.00748,40.7239]],[[-74.00183,40.71832],[-74.00127,40.71897]],[[-73.99063,40.72077],[-73.99046,40.72111],[-73.99042,40.72118],[-73.99039,40.72125],[-73.99036,40.72131],[-73.99032,40.72138],[-73.99029,40.72144],[-73.99025,40.72152],[-73.99018,40.72166],[-73.99014,40.72173],[-73.99004,40.72193]],[[-73.98744,40.71822],[-73.9874,40.71831],[-73.98736,40.71838]],[[-73.99251,40.72418],[-73.99217,40.72408],[-73.99195,40.72402],[-73.99132,40.72383],[-73.99123,40.7238]],[[-74.00612,40.72375],[-74.00627,40.72379],[-74.00642,40.72385],[-74.00656,40.72392],[-74.00669,40.724],[-74.0068,40.7241],[-74.00689,40.7242],[-74.00697,40.72432],[-74.00703,40.72443]],[[-74.00678,40.70673],[-74.00646,40.70699]],[[-74.00938,40.7022],[-74.01001,40.70207]],[[-74.00786,40.70312],[-74.00787,40.70312],[-74.00788,40.70313],[-74.0079,40.70314],[-74.00792,40.70314],[-74.00793,40.70315],[-74.00795,40.70315]],[[-74.00795,40.70315],[-74.00797,40.70315],[-74.00798,40.70315],[-74.008,40.70315]],[[-74.008,40.70315],[-74.00802,40.70315],[-74.00803,40.70315],[-74.00805,40.70314],[-74.00807,40.70314],[-74.00809,40.70313]],[[-74.02008,40.71531],[-74.02171,40.71552]],[[-74.02171,40.71552],[-74.02173,40.71553],[-74.02176,40.71554],[-74.02178,40.71556],[-74.02181,40.71557],[-74.02183,40.71559],[-74.02185,40.7156],[-74.02187,40.71562],[-74.02188,40.71564],[-74.02189,40.71566],[-74.0219,40.71568],[-74.02191,40.71571],[-74.02192,40.71573],[-74.02192,40.71575],[-74.02192,40.71577],[-74.02191,40.7158]],[[-74.02191,40.7158],[-74.0212,40.72018],[-74.02024,40.7253]],[[-73.99766,40.72084],[-73.9982,40.72107]],[[-74.00595,40.70721],[-74.00548,40.7074]],[[-73.99201,40.70979],[-73.99191,40.70982]],[[-73.99964,40.7082],[-73.99956,40.70824]],[[-73.99446,40.71698],[-73.99543,40.71729]],[[-74.01284,40.70972],[-74.01267,40.71016]],[[-74.00623,40.72313],[-74.00527,40.72303]],[[-73.99262,40.71886],[-73.99219,40.71969]],[[-74.0087,40.7193],[-74.00859,40.71996]],[[-74.01068,40.72153],[-74.01174,40.72163]],[[-74.00464,40.72136],[-74.00377,40.72239]],[[-74.00778,40.72457],[-74.00767,40.7252]],[[-74.02001,40.71564],[-74.02108,40.71579]],[[-74.02108,40.71579],[-74.0211,40.71579],[-74.02111,40.71579],[-74.02113,40.7158],[-74.02115,40.7158],[-74.02116,40.71581],[-74.02118,40.71581],[-74.02119,40.71582],[-74.02121,40.71583],[-74.02122,40.71584],[-74.02123,40.71585],[-74.02124,40.71586],[-74.02125,40.71587],[-74.02126,40.71588],[-74.02126,40.7159],[-74.02127,40.71591],[-74.02127,40.71592],[-74.02127,40.71594],[-74.02127,40.71595]],[[-74.02127,40.71595],[-74.02059,40.7201],[-74.01965,40.72523]],[[-74.01619,40.70674],[-74.01624,40.70644]],[[-74.01007,40.72505],[-74.01106,40.72516]],[[-73.98997,40.71265],[-73.98944,40.7127],[-73.9892,40.71272],[-73.9891,40.71273],[-73.98849,40.71278]],[[-73.99254,40.71247],[-73.9924,40.71247],[-73.99227,40.71248]],[[-74.00282,40.71077],[-74.00273,40.71069],[-74.00259,40.71057],[-74.00181,40.70993],[-74.00161,40.70977],[-74.00157,40.70974],[-74.00152,40.7097]],[[-73.98973,40.7191],[-73.98963,40.71931],[-73.98911,40.72032]],[[-74.00728,40.70872],[-74.00713,40.70887],[-74.00707,40.70893],[-74.00696,40.70904],[-74.00644,40.70957]],[[-74.00438,40.70157],[-74.00442,40.70167],[-74.00447,40.70176],[-74.00452,40.70185]],[[-74.00452,40.70185],[-74.00458,40.70195],[-74.00464,40.70204],[-74.00471,40.70212]],[[-74.00471,40.70212],[-74.00556,40.70279]],[[-74.01591,40.70147],[-74.0159,40.70155],[-74.01584,40.702]],[[-73.99092,40.70737],[-73.99091,40.70738],[-73.99089,40.70738],[-73.99087,40.70738]],[[-73.99087,40.70738],[-73.99086,40.70738],[-73.99084,40.70739],[-73.99083,40.70739]],[[-73.998,40.71369],[-73.99795,40.71364],[-73.99791,40.71359],[-73.99785,40.71355]],[[-73.99785,40.71355],[-73.9978,40.71351],[-73.99774,40.71347],[-73.99768,40.71344]],[[-73.99768,40.71344],[-73.99731,40.71346]],[[-73.99198,40.71092],[-73.99162,40.71097],[-73.99151,40.71099],[-73.98994,40.71122]],[[-74.01322,40.71522],[-74.01338,40.71525],[-74.01353,40.71527]],[[-74.01382,40.70224],[-74.01384,40.70241]],[[-74.0036,40.71365],[-74.0044,40.714]],[[-73.99699,40.71655],[-73.99776,40.71682]],[[-73.99239,40.7132],[-73.99013,40.71339]],[[-74.00754,40.71767],[-74.00686,40.71736],[-74.00625,40.71708]],[[-73.99997,40.72688],[-73.99992,40.72694]],[[-73.99361,40.71238],[-73.99323,40.7117]],[[-74.00262,40.72489],[-74.00338,40.72526]],[[-74.00338,40.72526],[-74.00235,40.7265]],[[-74.01406,40.70909],[-74.01487,40.70942]],[[-73.99987,40.70858],[-74.00001,40.70861]],[[-74.02287,40.70783],[-74.02274,40.70727],[-74.02262,40.70671],[-74.02253,40.70614]],[[-74.02253,40.70614],[-74.02246,40.70557],[-74.02242,40.70501],[-74.0224,40.70444]],[[-74.0224,40.70444],[-74.02244,40.70378],[-74.02242,40.70313],[-74.02234,40.70248]],[[-74.02234,40.70248],[-74.02222,40.70213],[-74.02207,40.70179],[-74.02188,40.70146],[-74.02165,40.70114]],[[-73.99959,40.71446],[-73.99965,40.71518],[-73.99932,40.71593]],[[-74.00146,40.70788],[-74.00108,40.70751],[-74.00102,40.70745]],[[-74.00387,40.7058],[-74.00316,40.70624]],[[-74.01271,40.69945],[-74.0126,40.69906],[-74.01259,40.69897]],[[-74.01259,40.69897],[-74.01259,40.69894],[-74.0126,40.69891],[-74.0126,40.69888]],[[-74.0126,40.69888],[-74.01261,40.69884],[-74.01262,40.69881],[-74.01263,40.69877]],[[-74.01263,40.69877],[-74.01264,40.69873],[-74.01265,40.6987],[-74.01267,40.69866]],[[-74.00298,40.72332],[-74.00383,40.72346]],[[-73.99945,40.71734],[-73.99931,40.71756]],[[-73.9936,40.72166],[-73.99343,40.7221],[-73.99341,40.72217],[-73.99333,40.72239]],[[-73.9886,40.71352],[-73.98706,40.71365]],[[-73.98507,40.71909],[-73.98566,40.71794]],[[-74.00066,40.72219],[-73.99961,40.72343]],[[-74.01199,40.72236],[-74.01159,40.72431]],[[-74.01296,40.70778],[-74.01359,40.70798]],[[-73.99414,40.71057],[-73.9941,40.7101]],[[-74.00351,40.72056],[-74.00393,40.72086]],[[-74.00977,40.72213],[-74.01056,40.72221]],[[-74.01595,40.7151],[-74.0156,40.71555]],[[-74.01071,40.70415],[-74.0105,40.70381]],[[-73.98693,40.71291],[-73.98591,40.71301],[-73.98582,40.71301],[-73.98554,40.71304],[-73.98545,40.71305],[-73.98506,40.71309]],[[-74.01013,40.71439],[-74.00969,40.71496]],[[-74.0001,40.72539],[-73.99917,40.72649]],[[-74.00131,40.7148],[-74.00075,40.71452]],[[-74.00838,40.72399],[-74.00862,40.72415],[-74.00865,40.72423]],[[-73.99367,40.7131],[-73.99362,40.7131]],[[-74.00827,40.70773],[-74.00801,40.70799]],[[-74.00262,40.72489],[-74.0016,40.72613]],[[-73.99029,40.71909],[-73.98982,40.71895]],[[-73.99222,40.71767],[-73.99142,40.71743]],[[-74.00298,40.72332],[-74.00276,40.72358],[-74.00193,40.72456]],[[-74.02346,40.70975],[-74.02341,40.70959],[-74.02336,40.70944],[-74.02332,40.70929]],[[-74.02332,40.70929],[-74.02327,40.70913],[-74.02323,40.70898],[-74.02318,40.70882]],[[-74.00966,40.70876],[-74.0094,40.70903],[-74.00913,40.7093]],[[-74.01514,40.71431],[-74.0162,40.71478]],[[-74.00053,40.71518],[-74.00048,40.71521],[-74.00049,40.71546],[-74.00058,40.71558]],[[-73.99711,40.71788],[-73.99793,40.71817]],[[-73.99256,40.7144],[-73.99247,40.71387]],[[-74.01283,40.70242],[-74.0129,40.70216]],[[-74.01227,40.72034],[-74.01213,40.72099],[-74.01199,40.72166],[-74.01184,40.72234]],[[-73.98999,40.70637],[-73.98931,40.70516]],[[-73.99446,40.71698],[-73.99383,40.71815]],[[-74.01299,40.70936],[-74.01284,40.70972]],[[-74.00401,40.71186],[-74.00393,40.71187]],[[-74.00738,40.71059],[-74.00648,40.71124]],[[-74.01363,40.7068],[-74.01352,40.70695]],[[-74.0154,40.70481],[-74.01538,40.70486]],[[-74.00621,40.70532],[-74.00542,40.70481]],[[-73.98749,40.72458],[-73.98705,40.7252]],[[-73.98616,40.72641],[-73.98574,40.72698]],[[-74.02135,40.69916],[-74.02133,40.69945]],[[-74.00466,40.70141],[-74.00438,40.70157]],[[-73.99798,40.72267],[-73.99881,40.72303]],[[-73.99063,40.70704],[-73.99023,40.70632]],[[-73.98616,40.72075],[-73.98532,40.7205]],[[-74.0117,40.70776],[-74.01125,40.70831]],[[-74.01161,40.71362],[-74.01172,40.71367]],[[-73.9934,40.71536],[-73.99427,40.71563]],[[-74.02142,40.69863],[-74.02138,40.6989]],[[-74.00794,40.72352],[-74.00791,40.72371]],[[-73.99201,40.7097],[-73.99198,40.70965],[-73.99194,40.7096]],[[-73.99304,40.72546],[-73.99376,40.72565]],[[-74.01946,40.70103],[-74.01926,40.70118],[-74.01906,40.70133],[-74.01887,40.70148]],[[-74.01887,40.70148],[-74.01868,40.70164],[-74.0185,40.7018],[-74.01832,40.70197]],[[-74.01832,40.70197],[-74.01813,40.70211],[-74.01795,40.70225],[-74.01777,40.7024]],[[-74.01777,40.7024],[-74.01759,40.70255],[-74.01742,40.7027],[-74.01725,40.70285]],[[-74.013,40.70311],[-74.01257,40.70322]],[[-74.00696,40.72513],[-74.00701,40.72556],[-74.00757,40.72577]],[[-74.01053,40.71812],[-74.0104,40.71881]],[[-74.0042,40.71668],[-74.00403,40.71688]],[[-74.00143,40.70942],[-74.00162,40.70957]],[[-74.00445,40.72273],[-74.00383,40.72346]],[[-73.99645,40.71553],[-73.99636,40.7156],[-73.9963,40.71565],[-73.99625,40.7157],[-73.9962,40.71573],[-73.99616,40.71574],[-73.99611,40.71575],[-73.99605,40.71575],[-73.99598,40.71574],[-73.99594,40.71571],[-73.99588,40.71567],[-73.99576,40.71556],[-73.9957,40.71551]],[[-74.01696,40.70907],[-74.01677,40.70934]],[[-73.99286,40.72005],[-73.99224,40.72126]],[[-74.00746,40.70723],[-74.00731,40.70734],[-74.00716,40.70745],[-74.00704,40.70758],[-74.00693,40.70772],[-74.00684,40.70787]],[[-73.99793,40.71817],[-73.99776,40.71845],[-73.99759,40.71874],[-73.99744,40.71904],[-73.9973,40.71933]],[[-74.01639,40.71453],[-74.01628,40.71456],[-74.01617,40.71471],[-74.0162,40.71478]],[[-74.01548,40.69933],[-74.01573,40.69994],[-74.01588,40.70088],[-74.01591,40.70147]],[[-74.01187,40.70656],[-74.01263,40.70501]],[[-74.00713,40.70638],[-74.00774,40.70677],[-74.00865,40.70735]],[[-74.00465,40.72492],[-74.00457,40.72544],[-74.00455,40.72557]],[[-74.00954,40.71034],[-74.00842,40.70954]],[[-73.99368,40.71237],[-73.99361,40.71238]],[[-74.01334,40.71657],[-74.01316,40.71732]],[[-74.00369,40.70195],[-74.00365,40.70185],[-74.00361,40.70175],[-74.00358,40.70165]],[[-74.00358,40.70165],[-74.00355,40.70145],[-74.00353,40.70124],[-74.00355,40.70104],[-74.00358,40.70084],[-74.00365,40.70064]],[[-74.00365,40.70064],[-74.00367,40.70055],[-74.0037,40.70046],[-74.00372,40.70036]],[[-74.00372,40.70036],[-74.00375,40.70027],[-74.00378,40.70018],[-74.0038,40.70009]],[[-74.01527,40.70484],[-74.0154,40.70481],[-74.01566,40.70484]],[[-73.99039,40.7071],[-73.99011,40.70658],[-73.98999,40.70637]],[[-73.98777,40.72124],[-73.98719,40.7224]],[[-74.00002,40.70893],[-73.9997,40.70856]],[[-74.02015,40.71496],[-74.02012,40.71514]],[[-74.01136,40.71493],[-74.01122,40.71523],[-74.01112,40.7156]],[[-74.01639,40.71453],[-74.0164,40.71461],[-74.01629,40.71476],[-74.0162,40.71478]],[[-74.00999,40.70981],[-74.01123,40.71038]],[[-74.01123,40.71038],[-74.0108,40.71103]],[[-73.99315,40.72284],[-73.99269,40.72408]],[[-74.01599,40.70897],[-74.01606,40.70881]],[[-74.01267,40.70155],[-74.01265,40.7015]],[[-74.01265,40.7015],[-74.01264,40.70149],[-74.01264,40.70149],[-74.01263,40.70148],[-74.01263,40.70148],[-74.01262,40.70147],[-74.01262,40.70147],[-74.01261,40.70146],[-74.0126,40.70146],[-74.01259,40.70146],[-74.01258,40.70146]],[[-74.01258,40.70146],[-74.01257,40.70145],[-74.01256,40.70145],[-74.01255,40.70144]],[[-74.01255,40.70144],[-74.01254,40.70144],[-74.01253,40.70144],[-74.01251,40.70144]],[[-74.01251,40.70144],[-74.0125,40.70143],[-74.01249,40.70143],[-74.01249,40.70143],[-74.01248,40.70143]],[[-74.01248,40.70143],[-74.01247,40.70143],[-74.01246,40.70142],[-74.01245,40.70142],[-74.01244,40.70142]],[[-73.99495,40.72487],[-73.99422,40.72462]],[[-74.00485,40.71886],[-74.00368,40.71833]],[[-73.99374,40.72092],[-73.9938,40.72095]],[[-74.01552,40.70771],[-74.01542,40.70793],[-74.01539,40.70802],[-74.01529,40.70826],[-74.01521,40.70847]],[[-74.00913,40.7093],[-74.00889,40.70905]],[[-73.98979,40.7101],[-73.98945,40.71015],[-73.98815,40.7103],[-73.98662,40.71047]],[[-74.01001,40.70207],[-74.00939,40.70233],[-74.00809,40.70313]],[[-74.01656,40.70389],[-74.01654,40.70367],[-74.01646,40.70331],[-74.01619,40.70272],[-74.01609,40.70258],[-74.01582,40.7022],[-74.01572,40.7021],[-74.01565,40.70204],[-74.01517,40.70163]],[[-74.01517,40.70163],[-74.01506,40.70156],[-74.01495,40.7015],[-74.01483,40.70145]],[[-74.01483,40.70145],[-74.01481,40.70144],[-74.01479,40.70143],[-74.01477,40.70142]],[[-74.01477,40.70142],[-74.01462,40.70136],[-74.01446,40.70131],[-74.01431,40.70128]],[[-74.01431,40.70128],[-74.01414,40.70126]],[[-73.99528,40.72516],[-73.99465,40.72594]],[[-74.00308,40.71063],[-74.00312,40.71071],[-74.00335,40.71087]],[[-74.00393,40.72086],[-74.00297,40.722]],[[-74.00189,40.71941],[-74.0026,40.71991]],[[-74.0086,40.7114],[-74.00846,40.71124],[-74.00776,40.71081]],[[-74.01671,40.70498],[-74.01676,40.70481]],[[-74.00331,40.71653],[-74.00256,40.71619]],[[-73.99868,40.71189],[-73.99848,40.71191],[-73.99837,40.71192],[-73.99789,40.71197],[-73.99777,40.71198]],[[-74.00836,40.72585],[-74.00886,40.7259],[-74.00911,40.72592]],[[-74.00141,40.72256],[-74.0012,40.72281],[-74.00037,40.7238]],[[-74.01432,40.70124],[-74.01412,40.70119],[-74.01392,40.70114],[-74.01372,40.70114]],[[-74.01292,40.71641],[-74.01308,40.71648]],[[-73.99422,40.72462],[-73.9935,40.72435]],[[-74.011,40.71334],[-74.01056,40.71385]],[[-73.9944,40.72627],[-73.99413,40.72665]],[[-74.00021,40.70884],[-74.00014,40.70879],[-74.00007,40.70873],[-73.99996,40.70865],[-73.99987,40.70858]],[[-73.9882,40.7114],[-73.98769,40.71145],[-73.98758,40.71146],[-73.98742,40.71148]],[[-74.00075,40.71452],[-74.00046,40.71437]],[[-73.99273,40.71078],[-73.99233,40.71004],[-73.99218,40.70976]],[[-74.01094,40.72567],[-74.01007,40.72505]],[[-73.99717,40.71464],[-73.99687,40.71507]],[[-74.0143,40.717],[-74.01442,40.71706],[-74.01454,40.71711]],[[-74.00425,40.71017],[-74.00398,40.7104]],[[-74.00578,40.71768],[-74.00403,40.71688]],[[-73.98947,40.7179],[-73.99023,40.71813]],[[-74.01429,40.70456],[-74.01413,40.70469]],[[-74.02318,40.70882],[-74.02313,40.70866],[-74.02307,40.70849],[-74.02302,40.70833]],[[-74.02302,40.70833],[-74.02297,40.70816],[-74.02292,40.70799],[-74.02287,40.70783]],[[-74.00365,40.6981],[-74.00344,40.6984],[-74.00322,40.6987]],[[-74.00322,40.6987],[-74.00299,40.69899],[-74.00275,40.69928],[-74.00251,40.69957]],[[-74.00251,40.69957],[-74.00243,40.69966],[-74.00236,40.69976],[-74.00227,40.69984]],[[-74.00227,40.69984],[-74.00218,40.69993],[-74.00209,40.70002],[-74.002,40.7001]],[[-74.002,40.7001],[-74.00001,40.70214],[-73.99973,40.70239],[-73.99821,40.70396]],[[-74.00847,40.72062],[-74.00835,40.72133]],[[-73.99776,40.71682],[-73.99711,40.71788]],[[-74.01648,40.70508],[-74.01627,40.70565],[-74.01611,40.70605],[-74.01603,40.70639],[-74.01595,40.70668]],[[-73.99987,40.70858],[-73.99976,40.70849],[-73.9995,40.70829]],[[-73.98656,40.7104],[-73.98655,40.71036],[-73.98655,40.71032]],[[-73.9866,40.72579],[-73.98616,40.72641]],[[-74.01333,40.70504],[-74.01335,40.70521],[-74.01336,40.70538],[-74.01335,40.70555],[-74.01331,40.70572],[-74.01326,40.70588]],[[-74.01033,40.70477],[-74.01007,40.70455]],[[-73.99371,40.71309],[-73.99367,40.7131]],[[-74.0016,40.72613],[-74.00235,40.7265]],[[-74.0153,40.70905],[-74.01517,40.7095],[-74.01509,40.70973],[-74.01505,40.70984]],[[-73.98817,40.71862],[-73.98736,40.71838]],[[-74.01496,40.70477],[-74.01495,40.70482]],[[-73.99711,40.71788],[-73.99692,40.71816],[-73.99676,40.71846],[-73.99661,40.71875],[-73.99648,40.71906]],[[-74.00797,40.72337],[-74.00784,40.72344]],[[-74.01798,40.71503],[-74.01833,40.71471],[-74.02015,40.71496]],[[-74.00882,40.71602],[-74.00921,40.7162]],[[-74.01319,40.70405],[-74.01158,40.70403]],[[-74.00437,40.71947],[-74.00392,40.72005]],[[-74.00402,40.71457],[-74.00542,40.71524]],[[-74.00889,40.70905],[-74.00842,40.70954]],[[-74.00474,40.72428],[-74.00473,40.72434],[-74.00465,40.72492]],[[-74.01085,40.70881],[-74.01194,40.70931]],[[-73.99879,40.70939],[-73.99781,40.70958]],[[-74.00525,40.69828],[-74.00565,40.69808]],[[-74.00053,40.71844],[-74.00127,40.71897]],[[-74.01311,40.7036],[-74.013,40.70311]],[[-73.99415,40.72477],[-73.99376,40.72565]],[[-73.99901,40.70373],[-73.99821,40.70396]],[[-73.99205,40.70978],[-73.99201,40.7097]],[[-74.00783,40.72088],[-74.00774,40.72084],[-74.00762,40.72081],[-74.0075,40.7208],[-74.00737,40.7208],[-74.00724,40.72083],[-74.00713,40.72088],[-74.00704,40.72094],[-74.00697,40.72101]],[[-74.01371,40.70108],[-74.01353,40.70111],[-74.01291,40.7012],[-74.01263,40.70125],[-74.01243,40.7013],[-74.01238,40.70131]],[[-74.01068,40.70712],[-74.01119,40.70629]],[[-74.00823,40.72197],[-74.00906,40.72207]],[[-74.00966,40.72279],[-74.01045,40.72287]],[[-74.00297,40.722],[-74.00221,40.72163]],[[-74.00937,40.70862],[-74.00966,40.70876]],[[-74.00444,40.70544],[-74.00387,40.7058]],[[-74.00623,40.72313],[-74.00612,40.72375]],[[-74.00601,40.70868],[-74.00583,40.70853],[-74.00526,40.70893]],[[-74.01352,40.70695],[-74.01337,40.70715]],[[-74.01734,40.7049],[-74.01742,40.70494],[-74.01757,40.70503],[-74.01771,40.70514],[-74.01782,40.70526],[-74.01791,40.70539],[-74.01795,40.70548]],[[-74.01795,40.70548],[-74.01798,40.7056],[-74.01799,40.70572],[-74.018,40.70583]],[[-74.018,40.70583],[-74.01799,40.70595],[-74.01797,40.70607],[-74.01793,40.70618]],[[-74.00297,40.722],[-74.00252,40.72254],[-74.00244,40.72262],[-74.00217,40.72294]],[[-74.01283,40.70242],[-74.01364,40.70238],[-74.01375,40.7024]],[[-74.00205,40.70821],[-74.0019,40.70828]],[[-73.99323,40.7117],[-73.9931,40.71171]],[[-74.00328,40.71129],[-74.00321,40.71134]],[[-74.01359,40.70798],[-74.01438,40.70823]],[[-74.00217,40.72294],[-74.00298,40.72332]],[[-74.0069,40.70483],[-74.00611,40.70436]],[[-74.00578,40.72568],[-74.00566,40.72644]],[[-74.00438,40.72406],[-74.00458,40.72418]],[[-74.01026,40.69898],[-74.01022,40.69898],[-74.01019,40.69899],[-74.01015,40.699]],[[-74.01015,40.699],[-74.01011,40.69901],[-74.01008,40.69902],[-74.01004,40.69903]],[[-74.01004,40.69903],[-74.00978,40.69907],[-74.00952,40.69913],[-74.00925,40.69919]],[[-74.00925,40.69919],[-74.00899,40.69925],[-74.00874,40.69932],[-74.00848,40.69939]],[[-74.00848,40.69939],[-74.00796,40.69957],[-74.00745,40.69978],[-74.00695,40.7]],[[-74.00695,40.7],[-74.00647,40.70025],[-74.00601,40.70051],[-74.00557,40.70079]],[[-74.00557,40.70079],[-74.00509,40.70116]],[[-73.99337,40.7124],[-73.99297,40.71172]],[[-73.99974,40.70814],[-73.9997,40.70812],[-73.99964,40.70812],[-73.99956,40.70811],[-73.99952,40.70811]],[[-73.98675,40.7196],[-73.98591,40.71935]],[[-73.99695,40.72389],[-73.9963,40.72467]],[[-74.00485,40.7013],[-74.00466,40.70141]],[[-74.00062,40.71956],[-74.00143,40.71995]],[[-73.99672,40.7255],[-73.99642,40.72586],[-73.99619,40.72613],[-73.99584,40.72653]],[[-73.99165,40.72241],[-73.99092,40.72219]],[[-74.00398,40.7104],[-74.0039,40.71048],[-74.00384,40.71056],[-74.00378,40.71065]],[[-74.00378,40.71065],[-74.00373,40.71074],[-74.00369,40.71083],[-74.00366,40.71092]],[[-74.01326,40.70874],[-74.01308,40.70916]],[[-74.01319,40.70405],[-74.01327,40.70456]],[[-74.00335,40.71087],[-74.00343,40.71089],[-74.00351,40.7109]],[[-74.01269,40.71731],[-74.01233,40.71888],[-74.01229,40.71905]],[[-73.99917,40.72649],[-73.99912,40.72655],[-73.99907,40.72661]],[[-74.00632,40.70347],[-74.00502,40.70322],[-74.00412,40.70257]],[[-74.00412,40.70257],[-74.00399,40.70242],[-74.00387,40.70227],[-74.00377,40.70211],[-74.00369,40.70195]],[[-74.00482,40.7084],[-74.00511,40.70876],[-74.00526,40.70893]],[[-73.99544,40.71601],[-73.99532,40.71569]],[[-73.99919,40.70848],[-73.99961,40.70854],[-73.9997,40.70856]],[[-74.00643,40.72181],[-74.00632,40.72244],[-74.0063,40.72256]],[[-73.99191,40.70982],[-73.99186,40.70973]],[[-74.00954,40.72344],[-74.00948,40.72379],[-74.00947,40.72385],[-74.00943,40.7241]],[[-74.01065,40.7037],[-74.0102,40.70329]],[[-74.00838,40.72399],[-74.00856,40.72401]],[[-74.00019,40.70865],[-74.00015,40.70853],[-74.00011,40.70844],[-74.00003,40.70833],[-73.99995,40.70827],[-73.99987,40.7082]],[[-74.0102,40.70771],[-74.00983,40.70813]],[[-74.00725,40.72165],[-74.00748,40.72171]],[[-74.00748,40.72171],[-74.00754,40.72171],[-74.00759,40.72172],[-74.00764,40.72172],[-74.0077,40.72174],[-74.00775,40.72175]],[[-74.00775,40.72175],[-74.00786,40.72179],[-74.00798,40.72184],[-74.00809,40.72189]],[[-74.00809,40.72189],[-74.00823,40.72197]],[[-73.99589,40.70327],[-73.99574,40.70348],[-73.9956,40.7037],[-73.99545,40.70391]],[[-73.99545,40.70391],[-73.99531,40.70413],[-73.99517,40.70434],[-73.99502,40.70455]],[[-74.01566,40.70494],[-74.01588,40.70495],[-74.01623,40.70492],[-74.01632,40.70492]],[[-74.01157,40.70426],[-74.01158,40.70403]],[[-74.0017,40.70776],[-74.00158,40.70782],[-74.00146,40.70788]],[[-73.99606,40.71624],[-73.99699,40.71655]],[[-73.99131,40.71603],[-73.9907,40.71721]],[[-73.99571,40.72337],[-73.99648,40.72369]],[[-73.99383,40.71815],[-73.9931,40.71793]],[[-73.99362,40.7131],[-73.99262,40.71318]],[[-73.98843,40.72327],[-73.98817,40.72364],[-73.98813,40.72369],[-73.98797,40.72392]],[[-74.00973,40.725],[-74.01007,40.72505]],[[-74.00946,40.70454],[-74.00908,40.70418],[-74.00899,40.70409]],[[-73.9944,40.71947],[-73.9945,40.71956],[-73.99526,40.71988]],[[-74.00479,40.72363],[-74.00612,40.72375]],[[-73.99113,40.71468],[-73.99056,40.7158]],[[-74.00859,40.71996],[-74.01018,40.72012]],[[-74.00899,40.70409],[-74.00879,40.70422]],[[-74.00548,40.7074],[-74.00433,40.70783]],[[-73.99993,40.71655],[-73.99945,40.71734]],[[-74.00466,40.70141],[-74.00461,40.70133],[-74.00456,40.70125],[-74.00451,40.70116]],[[-74.00451,40.70116],[-74.00448,40.70108],[-74.00445,40.70099],[-74.00442,40.7009]],[[-74.00442,40.7009],[-74.0044,40.7008],[-74.00438,40.7007],[-74.00437,40.7006]],[[-74.00437,40.7006],[-74.00435,40.7005],[-74.00435,40.7004],[-74.00434,40.7003]],[[-74.01087,40.72609],[-74.01086,40.72617]],[[-74.00079,40.7153],[-74.00058,40.71558]],[[-73.99935,40.72502],[-73.99841,40.72611]],[[-74.0129,40.70216],[-74.0128,40.70176]],[[-74.0128,40.70176],[-74.0128,40.70175],[-74.01279,40.70175],[-74.01279,40.70175]],[[-74.01279,40.70175],[-74.01279,40.70174],[-74.01278,40.70173],[-74.01277,40.70173],[-74.01276,40.70172],[-74.01276,40.70171]],[[-74.01276,40.70171],[-74.01275,40.70171],[-74.01274,40.7017],[-74.01273,40.70169],[-74.01272,40.70169],[-74.01272,40.70168],[-74.01271,40.70167]],[[-74.01271,40.70167],[-74.01267,40.70155]],[[-73.99639,40.70976],[-73.99638,40.70971],[-73.99634,40.70956],[-73.99632,40.70949],[-73.99626,40.70928],[-73.99606,40.70921]],[[-74.0055,40.72034],[-74.00597,40.72037]],[[-74.00243,40.71463],[-74.00131,40.7148]],[[-74.00695,40.7117],[-74.00677,40.71151]],[[-74.00394,40.71181],[-74.00373,40.71166]],[[-73.99621,40.71024],[-73.99588,40.7103],[-73.99515,40.71041],[-73.99467,40.71048],[-73.99414,40.71057]],[[-74.00397,40.70873],[-74.00393,40.70869],[-74.0034,40.70809]],[[-74.01728,40.70353],[-74.01727,40.70356],[-74.01725,40.7036],[-74.01724,40.70364],[-74.01721,40.70367],[-74.01719,40.7037],[-74.01716,40.70373],[-74.01712,40.70376],[-74.01709,40.70379]],[[-74.01709,40.70379],[-74.01705,40.70381],[-74.01701,40.70383],[-74.01696,40.70385],[-74.01692,40.70387],[-74.01687,40.70388],[-74.01682,40.70389],[-74.01677,40.70389],[-74.01672,40.7039]],[[-74.00364,40.72369],[-74.00438,40.72406]],[[-74.00316,40.70624],[-74.00233,40.70672]],[[-73.99914,40.70799],[-73.99801,40.7071],[-73.99801,40.7071],[-73.99648,40.7059]],[[-74.00366,40.71092],[-74.00364,40.71098]],[[-74.00308,40.71063],[-74.00319,40.71065],[-74.00341,40.71081]],[[-73.9938,40.72095],[-73.99386,40.72097]],[[-74.00999,40.71739],[-74.01069,40.71748]],[[-73.9862,40.71691],[-73.98672,40.71596]],[[-73.98629,40.72225],[-73.98625,40.72232]],[[-73.9973,40.71933],[-73.99684,40.72051]],[[-74.00183,40.71832],[-74.00099,40.71794]],[[-74.02008,40.71531],[-74.02004,40.71547]],[[-74.00947,40.71042],[-74.00906,40.71089]],[[-73.99417,40.72002],[-73.99422,40.72006],[-73.99414,40.72027],[-73.99404,40.72033]],[[-74.00786,40.70312],[-74.00786,40.70314],[-74.00785,40.70317],[-74.00785,40.7032],[-74.00784,40.70323]],[[-74.00784,40.70323],[-74.00782,40.70325],[-74.00781,40.70328],[-74.00779,40.7033],[-74.00777,40.70332]],[[-74.00983,40.70813],[-74.01085,40.70881]],[[-73.99215,40.72523],[-73.99222,40.72524],[-73.99228,40.72526]],[[-74.00311,40.70768],[-74.00275,40.70722]],[[-73.99875,40.71845],[-73.9984,40.719],[-73.99817,40.71956],[-73.99806,40.71959]],[[-74.01068,40.72153],[-74.01056,40.72221]],[[-74.01767,40.70361],[-74.01789,40.70359]],[[-74.0001,40.72539],[-74.0009,40.72578]],[[-74.00723,40.71306],[-74.00883,40.7138]],[[-74.00763,40.72351],[-74.00791,40.72371]],[[-74.00791,40.72371],[-74.0081,40.72379],[-74.00838,40.72399]],[[-74.00087,40.71171],[-73.9997,40.71179]],[[-73.98982,40.71895],[-73.98977,40.71903],[-73.98973,40.7191]],[[-74.00272,40.71084],[-74.00262,40.71076],[-74.00167,40.71001]],[[-73.99793,40.71817],[-73.99875,40.71845]],[[-74.00537,40.72219],[-74.00507,40.72204],[-74.00445,40.72273]],[[-74.00189,40.71941],[-74.00153,40.71983],[-74.00143,40.71995]],[[-74.01672,40.7039],[-74.01671,40.7039],[-74.0167,40.7039],[-74.01669,40.7039]],[[-74.01669,40.7039],[-74.01667,40.7039],[-74.01666,40.7039],[-74.01665,40.7039]],[[-74.01665,40.7039],[-74.01663,40.7039],[-74.01662,40.7039],[-74.0166,40.70389]],[[-74.0166,40.70389],[-74.01659,40.70389],[-74.01658,40.70389],[-74.01656,40.70389]],[[-73.99528,40.72516],[-73.99488,40.72503]],[[-74.01647,40.70569],[-74.01667,40.70511],[-74.01671,40.70498]],[[-74.00415,40.71775],[-74.00368,40.71833]],[[-74.01114,40.72582],[-74.01104,40.72573],[-74.01094,40.72567]],[[-74.01441,40.71399],[-74.01509,40.71428],[-74.01514,40.71431]],[[-74.01462,40.70615],[-74.01445,40.70644]],[[-74.01445,40.70644],[-74.01444,40.70648],[-74.01442,40.70651],[-74.0144,40.70654],[-74.01438,40.70657],[-74.01435,40.7066],[-74.01432,40.70663],[-74.01429,40.70665],[-74.01426,40.70667],[-74.01422,40.70669],[-74.01418,40.70671]],[[-74.00883,40.7138],[-74.01013,40.71439]],[[-73.99606,40.71624],[-73.99607,40.71608],[-73.99606,40.71603],[-73.99606,40.71602],[-73.9958,40.7157],[-73.99577,40.71567],[-73.9957,40.71551]],[[-74.01681,40.70515],[-74.01659,40.70572],[-74.01643,40.70611],[-74.0163,40.70645]],[[-74.02,40.71364],[-74.02022,40.71246],[-74.02083,40.70428]],[[-73.99053,40.71917],[-73.99041,40.71913],[-73.99029,40.71909]],[[-73.98916,40.71672],[-73.98911,40.71681],[-73.98907,40.71689],[-73.98902,40.71698],[-73.98898,40.71706],[-73.98893,40.71715],[-73.98884,40.71733],[-73.98867,40.71766]],[[-74.01007,40.72076],[-74.00992,40.72147]],[[-74.0163,40.70645],[-74.01619,40.70674]],[[-74.01517,40.70899],[-74.01534,40.70851],[-74.01543,40.70829],[-74.01553,40.70806]],[[-73.99859,40.71711],[-73.99793,40.71817]],[[-73.99889,40.71261],[-73.99868,40.71189]],[[-73.98997,40.71265],[-73.98996,40.71258],[-73.98995,40.71252],[-73.98991,40.71226],[-73.98989,40.71219],[-73.98988,40.71211],[-73.98987,40.71205],[-73.98986,40.71196],[-73.98982,40.71177],[-73.98982,40.71177],[-73.98981,40.7117],[-73.98974,40.71125]],[[-74.00383,40.72346],[-74.00479,40.72363]],[[-73.99189,40.71491],[-73.99238,40.71506]],[[-74.00994,40.70191],[-74.00944,40.70198]],[[-74.013,40.70311],[-74.01288,40.70267],[-74.01283,40.70242]],[[-74.00532,40.71828],[-74.00518,40.71901]],[[-74.0117,40.723],[-74.01156,40.72364],[-74.01144,40.72429]],[[-73.9879,40.72263],[-73.98787,40.72271],[-73.98783,40.72277]],[[-74.00037,40.7238],[-73.99935,40.72502]],[[-74.00602,40.70615],[-74.00569,40.70638]],[[-73.99608,40.7098],[-73.9941,40.7101]],[[-73.99588,40.72441],[-73.99539,40.72502]],[[-73.998,40.71369],[-73.99791,40.71373],[-73.99783,40.71377],[-73.99775,40.71382]],[[-73.99775,40.71382],[-73.99767,40.71387],[-73.9976,40.71392],[-73.99753,40.71398]],[[-73.99753,40.71398],[-73.99749,40.71402]],[[-74.00999,40.70981],[-74.00954,40.71034]],[[-74.02135,40.69916],[-74.02154,40.69927]],[[-73.9988,40.71451],[-73.99887,40.715]],[[-73.98652,40.71812],[-73.98613,40.71797],[-73.98572,40.71782]],[[-73.98717,40.71432],[-73.98718,40.71425],[-73.9871,40.71369],[-73.98706,40.71365]],[[-73.98976,40.71556],[-73.98916,40.71672]],[[-73.98879,40.7229],[-73.98869,40.72287],[-73.98859,40.72283]],[[-73.99606,40.71624],[-73.99581,40.71665]],[[-73.98999,40.70637],[-73.98992,40.70639]],[[-73.99019,40.71406],[-73.99013,40.71339]],[[-74.01225,40.70146],[-74.01224,40.7014],[-74.01219,40.70135]],[[-74.00356,40.70202],[-74.00204,40.7028]],[[-74.00646,40.70328],[-74.00667,40.70268],[-74.00541,40.70159]],[[-74.00541,40.70159],[-74.00534,40.70153],[-74.00527,40.70146],[-74.00521,40.70139]],[[-74.00521,40.70139],[-74.00516,40.70132],[-74.00512,40.70124],[-74.00509,40.70116]],[[-74.01673,40.70649],[-74.01758,40.70685]],[[-73.98923,40.72169],[-73.98913,40.72165],[-73.98904,40.72162]],[[-74.01034,40.72352],[-74.01136,40.72363]],[[-74.00145,40.72126],[-74.00066,40.72085]],[[-74.0059,40.72503],[-74.00578,40.72568]],[[-73.99606,40.71624],[-73.99591,40.71617],[-73.99577,40.71609],[-73.99564,40.71601]],[[-73.99564,40.71601],[-73.99552,40.71591],[-73.99542,40.71581],[-73.99532,40.71569]],[[-73.99648,40.72369],[-73.99695,40.72389]],[[-74.00572,40.72176],[-74.00643,40.72181]],[[-73.99205,40.71006],[-73.99191,40.70982]],[[-73.99575,40.70277],[-73.99574,40.70278],[-73.99572,40.7028],[-73.99571,40.70281],[-73.99569,40.70283],[-73.99567,40.70284],[-73.99566,40.70285],[-73.99563,40.70286],[-73.99561,40.70287]],[[-73.99561,40.70287],[-73.99559,40.70287],[-73.99557,40.70288],[-73.99555,40.70288],[-73.99552,40.70288],[-73.9955,40.70288],[-73.99547,40.70288],[-73.99545,40.70288],[-73.99543,40.70287]],[[-73.99543,40.70287],[-73.99526,40.70282]],[[-73.99526,40.71988],[-73.99497,40.72064]],[[-73.99903,40.72143],[-73.99985,40.7218]],[[-74.00894,40.71793],[-74.00892,40.71808],[-74.00888,40.71827]],[[-74.0147,40.70741],[-74.01438,40.70823]],[[-73.98754,40.7162],[-73.98704,40.71716]],[[-74.01462,40.70615],[-74.01456,40.70639]],[[-73.99462,40.71575],[-73.99493,40.71585]],[[-74.00879,40.70422],[-74.00833,40.70382]],[[-74.00023,40.70846],[-74.00143,40.70942]],[[-73.99849,40.71357],[-73.99804,40.71377]],[[-74.01201,40.72031],[-74.01217,40.72033],[-74.01227,40.72034]],[[-74.00486,40.71246],[-74.00482,40.71235],[-74.0047,40.71225],[-74.00434,40.71196],[-74.00419,40.71184]],[[-74.01322,40.71522],[-74.0131,40.71563],[-74.01303,40.71596],[-74.01292,40.71641]],[[-73.99279,40.71077],[-73.99273,40.71078]],[[-74.01045,40.72287],[-74.0115,40.72298]],[[-74.00784,40.72344],[-74.00777,40.72338],[-74.00658,40.7225],[-74.00654,40.72241],[-74.00651,40.72231],[-74.0065,40.72221],[-74.00651,40.72212],[-74.00651,40.7221],[-74.00654,40.722],[-74.00659,40.72191],[-74.00665,40.72182],[-74.0067,40.72178],[-74.00675,40.72174],[-74.00682,40.72171],[-74.00688,40.72169]],[[-73.99806,40.71959],[-73.99735,40.72071]],[[-74.00143,40.71995],[-74.00066,40.72085]],[[-73.98849,40.71278],[-73.98804,40.71282],[-73.98794,40.71282],[-73.98767,40.71285]],[[-74.00403,40.72552],[-74.00455,40.72557]],[[-73.99175,40.71859],[-73.99262,40.71886]],[[-74.00123,40.70967],[-74.00112,40.70966],[-74.00102,40.70965]],[[-73.9935,40.72435],[-73.99269,40.72408]],[[-74.00812,40.72263],[-74.00799,40.72329]],[[-74.00531,40.72173],[-74.00572,40.72176]],[[-74.00026,40.70871],[-74.00019,40.70865]],[[-74.00602,40.70791],[-74.00482,40.7084]],[[-74.00688,40.72169],[-74.00697,40.72167],[-74.00706,40.72165],[-74.00716,40.72165],[-74.00725,40.72165]],[[-74.01946,40.70103],[-74.01924,40.70078],[-74.01899,40.70054],[-74.01872,40.70033],[-74.01842,40.70013],[-74.0181,40.69995],[-74.01776,40.69979]],[[-74.01776,40.69979],[-74.01741,40.69965],[-74.01704,40.69954],[-74.01666,40.69945],[-74.01627,40.69938],[-74.01588,40.69935],[-74.01548,40.69933]],[[-74.01548,40.69933],[-74.01546,40.69933],[-74.01543,40.69933],[-74.0154,40.69933]],[[-74.0154,40.69933],[-74.01537,40.69933],[-74.01535,40.69933],[-74.01532,40.69933]],[[-74.01532,40.69933],[-74.01529,40.69933],[-74.01526,40.69933],[-74.01522,40.69933]],[[-74.01522,40.69933],[-74.01519,40.69934],[-74.01516,40.69934],[-74.01513,40.69934]],[[-74.01513,40.69934],[-74.01429,40.69935]],[[-74.01429,40.69935],[-74.01406,40.69936],[-74.01384,40.69937],[-74.01362,40.69938]],[[-74.01362,40.69938],[-74.0134,40.69939],[-74.01318,40.69941],[-74.01296,40.69943]],[[-74.01296,40.69943],[-74.01292,40.69943],[-74.01288,40.69943],[-74.01283,40.69944]],[[-74.01283,40.69944],[-74.01279,40.69944],[-74.01275,40.69944],[-74.01271,40.69945]],[[-73.99863,40.71352],[-73.99866,40.71364],[-73.9988,40.71451]],[[-74.00267,40.71156],[-74.0025,40.71137],[-74.00247,40.71132],[-74.00222,40.71091],[-74.00192,40.71062],[-74.00158,40.71034],[-74.00124,40.71006]],[[-74.00763,40.70317],[-74.00757,40.70311]],[[-74.00079,40.7153],[-74.00053,40.71518]],[[-74.0141,40.71385],[-74.01441,40.71399]],[[-74.0162,40.71478],[-74.01595,40.7151]],[[-74.00906,40.72207],[-74.00977,40.72213]],[[-73.98959,40.72045],[-73.98911,40.72032]],[[-73.99938,40.70819],[-73.99934,40.70815],[-73.9993,40.70812]],[[-73.99024,40.72351],[-73.98942,40.72326],[-73.98936,40.72324],[-73.98873,40.72305],[-73.9886,40.72301]],[[-73.9901,40.70634],[-73.98943,40.70516]],[[-73.99603,40.72019],[-73.99586,40.72063],[-73.99575,40.7209]],[[-74.02415,40.71114],[-74.02412,40.71114],[-74.0241,40.71113],[-74.02408,40.71112]],[[-74.02408,40.71112],[-74.02406,40.71111],[-74.02404,40.7111],[-74.02402,40.71109]],[[-73.99371,40.71309],[-73.99337,40.7124]],[[-73.98749,40.72458],[-73.98684,40.72431],[-73.9867,40.72425],[-73.98661,40.72421],[-73.98648,40.72416],[-73.9863,40.72408],[-73.9862,40.72404],[-73.98613,40.72401],[-73.98605,40.72398],[-73.9859,40.72391],[-73.98574,40.72385],[-73.98529,40.72366]],[[-74.01632,40.70492],[-74.01638,40.70485]],[[-74.00312,40.72689],[-74.00317,40.7269],[-74.00323,40.72692],[-74.00328,40.72694]],[[-74.00328,40.72694],[-74.00333,40.72695],[-74.00339,40.72696],[-74.00345,40.72697]],[[-73.99262,40.71886],[-73.99336,40.71908]],[[-74.01495,40.70482],[-74.0144,40.70611]],[[-73.99863,40.71352],[-73.99849,40.71357]],[[-73.99878,40.7084],[-73.99866,40.70835]],[[-73.98736,40.71838],[-73.98675,40.7196]],[[-73.99215,40.72523],[-73.992,40.72563]],[[-74.01566,40.70494],[-74.01516,40.7062],[-74.01514,40.70627]],[[-74.00646,40.70699],[-74.00595,40.70721]],[[-74.01678,40.71401],[-74.01678,40.71373],[-74.01627,40.71347]],[[-73.99639,40.70976],[-73.99622,40.70978]],[[-73.99535,40.72408],[-73.99495,40.72487]],[[-74.00267,40.71156],[-74.00259,40.71135],[-74.00246,40.7111],[-74.00232,40.7109],[-74.0022,40.71077],[-74.00205,40.71063],[-74.00167,40.71033],[-74.00128,40.71]],[[-74.01429,40.71539],[-74.01538,40.71584]],[[-74.00931,40.72069],[-74.00918,40.72141]],[[-73.9941,40.7101],[-73.99402,40.70949]],[[-73.99648,40.71906],[-73.99603,40.72019]],[[-74.02383,40.71303],[-74.02391,40.71254]],[[-74.00911,40.72592],[-74.00992,40.726]],[[-74.01119,40.70629],[-74.01143,40.70583],[-74.01155,40.70496]],[[-74.00865,40.72423],[-74.00836,40.72585]],[[-74.0156,40.71555],[-74.01549,40.7157],[-74.01538,40.71584]],[[-74.01398,40.7138],[-74.01371,40.71455]],[[-74.01375,40.70121],[-74.01382,40.70131],[-74.01398,40.70154]],[[-74.00168,40.71575],[-74.00082,40.71694]],[[-74.00604,40.72441],[-74.0059,40.72503]],[[-73.99926,40.70792],[-73.99817,40.70706],[-73.99817,40.70706],[-73.9966,40.70581]],[[-74.00335,40.71087],[-74.00341,40.71092],[-74.00353,40.71101],[-74.00359,40.71105]],[[-74.0175,40.70763],[-74.01712,40.70747]],[[-73.99402,40.72023],[-73.99404,40.72033]],[[-73.98742,40.71148],[-73.98755,40.71223],[-73.98767,40.71285]],[[-74.0041,40.70021],[-74.00412,40.70025],[-74.00414,40.7003],[-74.00415,40.70035]],[[-74.00415,40.70035],[-74.00416,40.7004],[-74.00418,40.70044],[-74.00419,40.70049]],[[-74.0102,40.70329],[-74.00899,40.70409]],[[-73.98973,40.7191],[-73.98897,40.71888]],[[-74.00447,40.71153],[-74.00526,40.71201]],[[-73.99961,40.72343],[-74.00037,40.7238]],[[-74.00674,40.72159],[-74.00667,40.72165],[-74.00659,40.72172],[-74.00652,40.72177]],[[-74.00652,40.72177],[-74.00643,40.72181]],[[-74.00498,40.71577],[-74.00453,40.71629]],[[-74.00944,40.70198],[-74.00782,40.7029]],[[-74.00782,40.7029],[-74.0078,40.70291],[-74.0078,40.70292],[-74.00779,40.70293],[-74.00778,40.70294],[-74.00777,40.70295],[-74.00777,40.70296],[-74.00777,40.70297],[-74.00776,40.70298]],[[-74.00776,40.70298],[-74.00776,40.703],[-74.00776,40.70301],[-74.00777,40.70302],[-74.00777,40.70303],[-74.00778,40.70304],[-74.00778,40.70305],[-74.00779,40.70306],[-74.0078,40.70307]],[[-74.01755,40.70362],[-74.01767,40.70361]],[[-74.00835,40.72133],[-74.00823,40.72197]],[[-73.99072,40.71828],[-73.99085,40.71832],[-73.99098,40.71836]],[[-74.0034,40.71416],[-74.00402,40.71457]],[[-73.99248,40.71083],[-73.99242,40.71084]],[[-74.00659,40.71577],[-74.0071,40.71601]],[[-74.0149,40.71644],[-74.01502,40.7165]],[[-74.0009,40.71306],[-74.00085,40.71306],[-74.00063,40.71312],[-74.0002,40.71321],[-73.99911,40.71338],[-73.99893,40.71342],[-73.99873,40.71348],[-73.99863,40.71352]],[[-73.99837,40.70868],[-73.9985,40.70867],[-73.99873,40.7086],[-73.99892,40.70855],[-73.99896,40.70854],[-73.99896,40.70853]],[[-73.99462,40.71575],[-73.99464,40.71575],[-73.99466,40.71575],[-73.99468,40.71575],[-73.9947,40.71575],[-73.99472,40.71574],[-73.99473,40.71574],[-73.99475,40.71573],[-73.99477,40.71573]],[[-73.99477,40.71573],[-73.99479,40.71572],[-73.9948,40.71571],[-73.99482,40.7157],[-73.99483,40.71569],[-73.99484,40.71568],[-73.99485,40.71567],[-73.99486,40.71565],[-73.99487,40.71564]],[[-73.98797,40.72392],[-73.98575,40.72302]],[[-74.00992,40.726],[-74.00991,40.72608]],[[-73.98706,40.71365],[-73.98702,40.7136],[-73.98693,40.71291]],[[-74.00794,40.72352],[-74.00784,40.72344]],[[-73.98591,40.71935],[-73.98575,40.71966],[-73.9856,40.71996],[-73.98532,40.7205]],[[-73.99414,40.71057],[-73.99279,40.71077]],[[-74.00361,40.70679],[-74.00372,40.70694]],[[-73.99684,40.72536],[-73.99677,40.72544],[-73.99672,40.7255]],[[-74.00931,40.72069],[-74.01007,40.72076]],[[-74.00354,40.71746],[-74.00339,40.71763],[-74.00305,40.71803]],[[-73.99124,40.71957],[-73.99044,40.71933]],[[-73.99932,40.71593],[-73.99859,40.71711]],[[-73.99297,40.71172],[-73.99289,40.71173]],[[-74.00934,40.72458],[-74.00932,40.72471]],[[-73.99205,40.70978],[-73.99201,40.7097]],[[-74.00713,40.70638],[-74.00678,40.70673]],[[-74.01172,40.71367],[-74.01233,40.71395]],[[-74.00907,40.70555],[-74.00903,40.70532]],[[-74.01311,40.7036],[-74.0116,40.70359]],[[-73.99412,40.71306],[-73.99374,40.71237]],[[-74.00331,40.71653],[-74.00281,40.7171]],[[-73.99695,40.71208],[-73.99436,40.71232]],[[-73.9901,40.70634],[-73.98999,40.70637]],[[-74.02498,40.70599],[-74.02497,40.7061],[-74.02496,40.70621],[-74.02496,40.70631]],[[-74.01056,40.72221],[-74.01045,40.72287]],[[-73.99406,40.71307],[-73.994,40.71307]],[[-73.98616,40.72075],[-73.98556,40.72192]],[[-73.99712,40.71281],[-73.99446,40.71303]],[[-74.01267,40.71016],[-74.0124,40.71089]],[[-74.00366,40.71092],[-74.00395,40.71097],[-74.00417,40.711]],[[-74.00417,40.711],[-74.0042,40.71101],[-74.00422,40.71102],[-74.00425,40.71103],[-74.00427,40.71105],[-74.00429,40.71107],[-74.00431,40.71108],[-74.00433,40.7111],[-74.00434,40.71112],[-74.00435,40.71114],[-74.00436,40.71116],[-74.00437,40.71118]],[[-74.00437,40.71118],[-74.00437,40.71121],[-74.00437,40.71123],[-74.00437,40.71125],[-74.00437,40.71127],[-74.00436,40.7113],[-74.00435,40.71132],[-74.00434,40.71134],[-74.00433,40.71136],[-74.00431,40.71138],[-74.0043,40.71139],[-74.00428,40.71141]],[[-73.98783,40.72277],[-73.98771,40.72274],[-73.98719,40.72259],[-73.9871,40.72256]],[[-73.99058,40.70745],[-73.99055,40.70739],[-73.99039,40.7071]],[[-73.98625,40.72232],[-73.98582,40.72217],[-73.98548,40.72205]],[[-73.99286,40.72005],[-73.99212,40.71984]],[[-74.01106,40.72516],[-74.01094,40.72567]],[[-73.9907,40.71721],[-73.98995,40.71698]],[[-74.01504,40.70699],[-74.01498,40.70692],[-74.01494,40.70685],[-74.0149,40.70677],[-74.01487,40.7067],[-74.01486,40.70662]],[[-74.01486,40.70662],[-74.01485,40.70654],[-74.01485,40.70646],[-74.01486,40.70638],[-74.01488,40.7063],[-74.01491,40.70622]],[[-74.00303,40.71559],[-74.00212,40.71517]],[[-74.00002,40.70799],[-73.99974,40.70814]],[[-74.00954,40.72344],[-74.01034,40.72352]],[[-73.98572,40.71782],[-73.98577,40.71773]],[[-74.01514,40.70627],[-74.0151,40.70647]],[[-74.017,40.70581],[-74.01793,40.70618]],[[-74.01071,40.70415],[-74.01059,40.7042],[-74.01047,40.70426],[-74.01036,40.70433]],[[-74.01036,40.70433],[-74.01026,40.7044],[-74.01016,40.70447],[-74.01007,40.70455]],[[-74.00768,40.70323],[-74.00766,40.7032],[-74.00763,40.70317]],[[-73.99436,40.71232],[-73.99427,40.7116]],[[-74.02402,40.71109],[-74.02396,40.71103],[-74.0239,40.71097],[-74.02385,40.7109]],[[-74.02385,40.7109],[-74.02381,40.71083],[-74.02377,40.71076],[-74.02374,40.71069]],[[-74.00235,40.7265],[-74.00285,40.72675],[-74.00312,40.72689]],[[-74.00354,40.71746],[-74.00415,40.71775]],[[-73.99841,40.72611],[-73.99917,40.72649]],[[-74.00865,40.72423],[-74.00932,40.72471]],[[-73.9944,40.71947],[-73.99424,40.71986],[-73.99417,40.72002]],[[-73.99421,40.71374],[-73.99384,40.71308]],[[-73.99987,40.7082],[-73.99981,40.70834]],[[-74.00388,40.71182],[-74.0039,40.71184],[-74.00393,40.71187]],[[-73.98904,40.72162],[-73.98852,40.72147]],[[-74.0055,40.72034],[-74.00521,40.72064]],[[-74.01068,40.70712],[-74.01004,40.70673],[-74.0095,40.70639]],[[-73.99756,40.72587],[-73.99831,40.72624]],[[-73.99343,40.72452],[-73.99265,40.72423]],[[-74.00408,40.69887],[-74.00404,40.69904],[-74.00401,40.6992],[-74.00399,40.69937]],[[-74.00399,40.69937],[-74.00399,40.69954],[-74.00399,40.69971],[-74.00401,40.69988]],[[-74.0174,40.70847],[-74.01696,40.70907]],[[-73.99776,40.71682],[-73.99859,40.71711]],[[-73.99092,40.72219],[-73.99082,40.72216],[-73.99078,40.72215],[-73.99074,40.72214],[-73.9907,40.72212],[-73.99004,40.72193]],[[-74.00408,40.71175],[-74.00382,40.71156],[-74.00365,40.71142]],[[-73.99484,40.71422],[-73.99455,40.71369]],[[-74.01487,40.70942],[-74.01479,40.70973],[-74.01474,40.70984]],[[-73.99098,40.71836],[-73.99175,40.71859]],[[-74.02254,40.71267],[-74.02251,40.71281]],[[-74.02251,40.71281],[-74.02248,40.71289],[-74.02246,40.71296],[-74.02245,40.71304],[-74.02245,40.71312],[-74.02245,40.71319],[-74.02247,40.71327]],[[-74.02247,40.71327],[-74.02249,40.71334],[-74.02253,40.71342],[-74.02257,40.71349],[-74.02262,40.71355],[-74.02268,40.71361],[-74.02275,40.71367]],[[-74.01163,40.72232],[-74.01175,40.72233],[-74.01184,40.72234]],[[-73.98994,40.71122],[-73.98974,40.71125]],[[-73.99622,40.70978],[-73.99608,40.7098]],[[-73.99981,40.70834],[-73.99981,40.70845]],[[-74.00464,40.72136],[-74.00523,40.72175]],[[-74.00703,40.7245],[-74.00696,40.72513]],[[-74.01638,40.70485],[-74.01652,40.70481],[-74.01663,40.70481]],[[-73.99488,40.72503],[-73.99447,40.72585]],[[-74.00254,40.71864],[-74.00209,40.71916]],[[-73.99588,40.72441],[-73.99535,40.72408]],[[-73.99466,40.71423],[-73.99437,40.71372]],[[-74.01092,40.7258],[-74.01103,40.7258],[-74.01114,40.72582]],[[-73.99194,40.7096],[-73.99192,40.70956]],[[-74.01179,40.71284],[-74.01161,40.71362]],[[-73.99488,40.72503],[-73.99415,40.72477]],[[-74.01429,40.70456],[-74.01437,40.70457]],[[-74.01437,40.70457],[-74.01447,40.7046],[-74.01457,40.70463],[-74.01467,40.70466]],[[-74.01467,40.70466],[-74.01474,40.70467],[-74.01482,40.70469],[-74.0149,40.70471]],[[-74.0149,40.70471],[-74.01496,40.70477]],[[-74.00373,40.72626],[-74.00566,40.72644]],[[-74.00835,40.72592],[-74.00884,40.72597],[-74.0091,40.72599]],[[-73.99082,40.72428],[-73.9898,40.72385],[-73.98978,40.72384],[-73.98843,40.72327]],[[-74.00217,40.72294],[-74.00113,40.72417]],[[-74.0116,40.70345],[-74.01065,40.7037]],[[-74.0166,40.71207],[-74.01659,40.71214],[-74.0164,40.71291],[-74.01627,40.71347]],[[-74.00833,40.70382],[-74.00777,40.70332]],[[-73.99672,40.7255],[-73.99756,40.72587]],[[-73.99777,40.71198],[-73.99739,40.71203],[-73.99724,40.71204],[-73.99695,40.71208]],[[-74.01429,40.71539],[-74.01465,40.71544]],[[-74.0011,40.70727],[-74.00018,40.70786],[-74.00012,40.7079]],[[-74.00882,40.71865],[-74.00875,40.71904]],[[-74.01384,40.71374],[-74.01398,40.7138]],[[-73.99964,40.7082],[-73.99952,40.70811]],[[-73.99021,40.71925],[-73.98973,40.7191]],[[-74.00795,40.70555],[-74.00739,40.70519]],[[-73.99415,40.72477],[-73.99343,40.72452]],[[-74.01327,40.70456],[-74.01419,40.70458]],[[-73.99083,40.70739],[-73.99063,40.70704]],[[-74.00338,40.72526],[-74.0039,40.72551],[-74.00403,40.72552]],[[-73.99435,40.71426],[-73.99432,40.71426]],[[-74.00882,40.71865],[-74.00933,40.7187]],[[-73.99004,40.72193],[-73.98954,40.72178],[-73.98948,40.72176],[-73.98942,40.72174],[-73.98931,40.72171],[-73.98923,40.72169]],[[-74.01161,40.72608],[-74.01177,40.7261],[-74.01519,40.72646],[-74.01724,40.7268]],[[-74.00602,40.70615],[-74.00552,40.7058]],[[-73.99678,40.71135],[-73.99608,40.71142],[-73.9954,40.7115],[-73.99486,40.71155],[-73.99427,40.7116]],[[-73.99184,40.70983],[-73.99178,40.70983]],[[-73.9963,40.72467],[-73.99589,40.72516]],[[-74.00701,40.72048],[-74.00847,40.72062]],[[-74.00604,40.72441],[-74.00703,40.7245]],[[-74.02318,40.70882],[-74.02254,40.71267]],[[-73.98947,40.7179],[-73.98906,40.71872]],[[-73.9963,40.72467],[-73.99588,40.72441]],[[-74.00086,40.7088],[-74.00048,40.70836]],[[-73.99402,40.70949],[-73.99222,40.70975]],[[-74.00377,40.72239],[-74.00298,40.72332]],[[-73.99675,40.71503],[-73.99645,40.71553]],[[-73.99952,40.70811],[-73.99947,40.70807],[-73.99943,40.70804]],[[-74.00631,40.71417],[-74.00589,40.71469]],[[-74.01643,40.70649],[-74.0164,40.70659],[-74.01637,40.70669],[-74.01634,40.70679]],[[-74.01634,40.70679],[-74.0163,40.7069],[-74.01625,40.707],[-74.01621,40.7071]],[[-74.01621,40.7071],[-74.01615,40.70719],[-74.0161,40.70729],[-74.01605,40.7074]],[[-74.01605,40.7074],[-74.01601,40.7075],[-74.01597,40.7076],[-74.01593,40.70771]],[[-73.98911,40.72032],[-73.98835,40.72009]],[[-74.01209,40.7016],[-74.01211,40.70159],[-74.01214,40.70158],[-74.01216,40.70157],[-74.01217,40.70156],[-74.01219,40.70154]],[[-74.01219,40.70154],[-74.0122,40.70153],[-74.01222,40.70151],[-74.01223,40.70149],[-74.01224,40.70148],[-74.01225,40.70146]],[[-74.02,40.71364],[-74.02047,40.71351]],[[-74.01657,40.70393],[-74.01656,40.70389]],[[-74.01661,40.70497],[-74.01659,40.70497],[-74.01658,40.70498],[-74.01657,40.70498],[-74.01655,40.70499],[-74.01654,40.70499],[-74.01653,40.705],[-74.01652,40.70501]],[[-74.01652,40.70501],[-74.01651,40.70502],[-74.0165,40.70503],[-74.01649,40.70504],[-74.01649,40.70505],[-74.01648,40.70506],[-74.01648,40.70507],[-74.01648,40.70508]],[[-74.01018,40.72012],[-74.011,40.72021],[-74.01201,40.72031]],[[-73.9926,40.71081],[-73.99248,40.71083]],[[-74.02254,40.71267],[-74.02294,40.71282]],[[-74.00028,40.71763],[-73.99945,40.71734]],[[-74.01432,40.70124],[-74.01429,40.70123],[-74.01426,40.70123],[-74.01423,40.70124]],[[-74.01423,40.70124],[-74.0142,40.70124],[-74.01417,40.70125],[-74.01414,40.70126]],[[-73.99417,40.72002],[-73.9941,40.72003],[-73.99402,40.72023]],[[-74.00392,40.72005],[-74.00209,40.71916]],[[-73.99022,40.71441],[-73.99076,40.71456]],[[-74.01229,40.71905],[-74.01244,40.71907],[-74.01256,40.71908]],[[-73.99465,40.72594],[-73.9944,40.72627]],[[-74.00881,40.70602],[-74.00907,40.70555]],[[-74.01097,40.71631],[-74.01083,40.71693]],[[-74.00713,40.72186],[-74.00823,40.72197]],[[-73.99498,40.70461],[-73.99497,40.70462],[-73.99496,40.70463],[-73.99496,40.70464]],[[-73.99496,40.70464],[-73.99495,40.70465],[-73.99494,40.70466],[-73.99494,40.70467]],[[-74.01678,40.71401],[-74.01639,40.71453]],[[-74.01263,40.70501],[-74.01155,40.70496]],[[-73.99013,40.71339],[-73.98997,40.71265]],[[-73.98837,40.71174],[-73.98837,40.7117],[-73.98831,40.71139]],[[-73.99023,40.71813],[-73.98982,40.71895]],[[-73.99214,40.71443],[-73.99123,40.71449]],[[-73.98797,40.72392],[-73.98749,40.72458]],[[-74.00204,40.7028],[-74.00193,40.70304],[-74.00185,40.70329],[-74.00181,40.70354]],[[-74.00181,40.70354],[-74.00179,40.70379],[-74.0018,40.70404],[-74.00185,40.70429]],[[-74.00185,40.70429],[-74.00203,40.7047]],[[-74.01663,40.70481],[-74.01669,40.70481],[-74.01676,40.70481]],[[-74.00485,40.71886],[-74.00437,40.71947]],[[-74.00486,40.71246],[-74.00491,40.71268],[-74.00496,40.71277],[-74.00503,40.71283],[-74.0053,40.71291],[-74.0054,40.71297],[-74.00582,40.71312],[-74.00618,40.71333],[-74.00678,40.71361]],[[-73.99919,40.70848],[-73.99901,40.70857]],[[-74.01712,40.70747],[-74.01646,40.7072]],[[-74.02052,40.70013],[-74.01946,40.70103]],[[-73.99374,40.71237],[-73.99335,40.71169]],[[-73.98906,40.71872],[-73.98901,40.7188],[-73.98897,40.71888]],[[-74.01007,40.72505],[-74.00934,40.72458]],[[-74.00983,40.70813],[-74.00937,40.70862]],[[-73.99346,40.72162],[-73.9933,40.72207],[-73.99328,40.72214],[-73.9932,40.72234]],[[-74.00281,40.71589],[-74.0042,40.71668]],[[-74.00676,40.72251],[-74.00812,40.72263]],[[-73.99526,40.71988],[-73.99543,40.71994],[-73.99603,40.72019]],[[-73.99627,40.70555],[-73.99502,40.70455]],[[-74.00556,40.70279],[-74.00505,40.70279],[-74.00446,40.70231]],[[-74.00446,40.70231],[-74.00434,40.70218],[-74.00424,40.70204],[-74.00415,40.70189],[-74.00408,40.70174]],[[-74.02377,40.71258],[-74.02402,40.71109]],[[-74.00364,40.71098],[-74.00388,40.71112],[-74.00391,40.71118]],[[-74.00193,40.72456],[-74.0009,40.72578]],[[-74.02052,40.70013],[-74.01973,40.69971],[-74.01888,40.69934],[-74.018,40.69904]],[[-74.018,40.69904],[-74.01708,40.6988],[-74.01613,40.69863],[-74.01517,40.69854]],[[-74.01517,40.69854],[-74.01514,40.69854],[-74.01511,40.69854],[-74.01508,40.69853]],[[-74.01508,40.69853],[-74.01505,40.69853],[-74.01503,40.69854],[-74.015,40.69854]],[[-74.015,40.69854],[-74.01496,40.69854],[-74.01493,40.69854],[-74.0149,40.69854]],[[-74.0149,40.69854],[-74.01486,40.69854],[-74.01483,40.69855],[-74.01479,40.69855]],[[-74.01479,40.69855],[-74.01444,40.69855],[-74.01408,40.69856],[-74.01373,40.69857]],[[-74.01373,40.69857],[-74.01338,40.6986],[-74.01302,40.69863],[-74.01267,40.69866]],[[-74.00856,40.72401],[-74.00794,40.72352]],[[-74.00781,40.7091],[-74.00757,40.70892],[-74.00752,40.70888],[-74.00728,40.70872]],[[-74.01033,40.70477],[-74.01051,40.70465],[-74.0107,40.70455],[-74.01089,40.70446]],[[-73.99935,40.72502],[-74.0001,40.72539]],[[-73.99435,40.71426],[-73.99407,40.71374]],[[-73.99491,40.72304],[-73.99571,40.72337]],[[-74.01215,40.709],[-74.01209,40.70909]],[[-74.00964,40.71734],[-74.0095,40.718]],[[-73.9982,40.72107],[-73.99903,40.72143]],[[-73.99757,40.71409],[-73.99717,40.71464]],[[-73.99799,40.71274],[-73.99712,40.71281]],[[-74.00566,40.72644],[-74.00743,40.72661]],[[-74.0113,40.72596],[-74.01127,40.72614]],[[-74.00542,40.71524],[-74.00659,40.71577]],[[-73.99497,40.72064],[-73.99471,40.72132]],[[-74.01101,40.7086],[-74.01209,40.70909]],[[-73.99436,40.71232],[-73.99374,40.71237]],[[-74.00126,40.71351],[-74.00157,40.71369]],[[-74.01271,40.69945],[-74.01239,40.69947],[-74.01208,40.6995],[-74.01176,40.69952]],[[-74.01176,40.69952],[-74.01144,40.69955],[-74.01113,40.69958],[-74.01081,40.69962]],[[-74.01081,40.69962],[-74.01081,40.69962],[-74.01081,40.69962],[-74.0108,40.69962]],[[-74.0108,40.69962],[-74.0108,40.69962],[-74.0108,40.69962],[-74.0108,40.69962]],[[-73.99063,40.72077],[-73.98986,40.72053]],[[-73.9886,40.72301],[-73.98843,40.72327]],[[-73.98995,40.71698],[-73.98947,40.7179]],[[-74.00625,40.71708],[-74.00453,40.71629]],[[-74.00859,40.71996],[-74.00847,40.72062]],[[-73.99302,40.71436],[-73.99282,40.71437]],[[-74.01505,40.70984],[-74.01507,40.70949],[-74.01513,40.70911],[-74.01517,40.70899]],[[-74.00992,40.72147],[-74.00977,40.72213]],[[-74.01151,40.70297],[-74.0102,40.70329]],[[-74.02287,40.70783],[-74.02343,40.70454],[-74.024,40.70137]],[[-74.01434,40.70625],[-74.0143,40.70629],[-74.01426,40.70632],[-74.0142,40.70635],[-74.01414,40.70636],[-74.01402,40.70643],[-74.01401,40.70643],[-74.01401,40.70643],[-74.0139,40.70651],[-74.0139,40.70651],[-74.0139,40.70651],[-74.01379,40.7066],[-74.01379,40.7066],[-74.01379,40.7066],[-74.01371,40.7067],[-74.01371,40.7067],[-74.01371,40.7067],[-74.01363,40.7068]],[[-74.01101,40.7086],[-74.01085,40.70881]],[[-74.01127,40.72614],[-74.01125,40.7263]],[[-74.01465,40.71544],[-74.0156,40.71555]],[[-74.01125,40.70831],[-74.01101,40.7086]],[[-73.98974,40.71125],[-73.98949,40.71128],[-73.98874,40.71135],[-73.98861,40.71136],[-73.98831,40.71139]],[[-74.00145,40.72126],[-74.00066,40.72219]],[[-74.01056,40.71385],[-74.01153,40.7143]],[[-73.99751,40.71408],[-73.99745,40.71408]],[[-74.02294,40.71282],[-74.0234,40.71269]],[[-74.0095,40.70639],[-74.00901,40.70695]],[[-74.00498,40.71577],[-74.00617,40.71631]],[[-73.99021,40.71925],[-73.99,40.71966],[-73.98959,40.72045]],[[-74.00975,40.70478],[-74.00999,40.70516]],[[-74.00799,40.72103],[-74.00795,40.72097],[-74.0079,40.72093],[-74.00783,40.72088]],[[-74.01674,40.70412],[-74.01672,40.7039]],[[-74.01047,40.71154],[-74.01012,40.71209]],[[-74.00937,40.70862],[-74.00911,40.70886],[-74.00889,40.70905]],[[-74.00548,40.7074],[-74.005,40.70686]],[[-73.9886,40.71352],[-73.98849,40.71278]],[[-74.02001,40.71564],[-74.01915,40.71991],[-74.01807,40.72503],[-74.01767,40.72687],[-74.01765,40.72697]],[[-73.99432,40.71426],[-73.99414,40.71428]],[[-74.00305,40.71803],[-74.00254,40.71864]],[[-73.99603,40.72019],[-73.9967,40.72046],[-73.99684,40.72051]],[[-74.0034,40.70809],[-74.00311,40.70768]],[[-73.99831,40.72624],[-73.99907,40.72661]],[[-73.98705,40.7252],[-73.9866,40.72579]],[[-74.00046,40.71437],[-74.00053,40.71518]],[[-74.00383,40.70187],[-74.00369,40.70195]],[[-74.00612,40.72375],[-74.00604,40.72441]],[[-74.01502,40.7165],[-74.01454,40.71711]],[[-74.01716,40.7029],[-74.01721,40.70299],[-74.01709,40.70312],[-74.01718,40.70322],[-74.01729,40.70339],[-74.01728,40.70353]],[[-73.99645,40.71553],[-73.99618,40.71599],[-73.99615,40.71609]],[[-74.01126,40.70752],[-74.01068,40.70712]],[[-74.00242,40.71773],[-74.00236,40.7177]],[[-74.005,40.70686],[-74.00406,40.70745]],[[-73.99928,40.70877],[-73.99901,40.70857]],[[-74.011,40.71334],[-74.01161,40.71362]],[[-74.00801,40.70545],[-74.00795,40.70555]],[[-74.00038,40.70335],[-73.99901,40.70373]],[[-73.9867,40.71782],[-73.98663,40.71794]],[[-74.00601,40.70868],[-74.00551,40.7091]],[[-73.9957,40.71878],[-73.99526,40.71988]],[[-73.994,40.71307],[-73.99361,40.71238]],[[-74.01155,40.70496],[-74.01147,40.70504],[-74.01061,40.70511],[-74.00999,40.70516]],[[-73.99376,40.72565],[-73.99447,40.72585]],[[-73.99543,40.71729],[-73.99633,40.7176]],[[-74.00316,40.70624],[-74.00361,40.70679]],[[-74.00167,40.70953],[-74.00086,40.7088]],[[-74.00398,40.7104],[-74.00341,40.71081]],[[-74.01199,40.70071],[-74.01208,40.7009],[-74.01225,40.70124]],[[-74.0067,40.72045],[-74.00701,40.72048]],[[-73.99865,40.70887],[-73.99802,40.70893]],[[-74.01195,40.70746],[-74.01296,40.70778]],[[-74.0059,40.72503],[-74.00657,40.7251],[-74.00696,40.72513]],[[-74.00888,40.71827],[-74.00882,40.71865]],[[-74.00767,40.70429],[-74.0069,40.70483]],[[-73.9997,40.70856],[-73.99987,40.70858]],[[-74.00597,40.72037],[-74.00584,40.72109]],[[-74.02391,40.71254],[-74.02415,40.71114]],[[-73.99473,40.72695],[-73.99413,40.72665]],[[-74.00646,40.70699],[-74.00569,40.70638]],[[-74.00291,40.71308],[-74.00313,40.71341]],[[-74.00146,40.70965],[-74.00063,40.709],[-74.00033,40.70876],[-74.00026,40.70871]],[[-73.99924,40.71892],[-73.99984,40.7192]],[[-74.00167,40.71001],[-74.0015,40.70988],[-74.00142,40.70982]],[[-74.00326,40.72039],[-74.00221,40.72163]],[[-73.99384,40.71308],[-73.99348,40.71239]],[[-73.99931,40.71756],[-73.99875,40.71845]],[[-74.01337,40.70715],[-74.01296,40.70778]],[[-74.00777,40.70332],[-74.00705,40.70376]],[[-73.99648,40.7059],[-73.99621,40.70603],[-73.99594,40.70615],[-73.99565,40.70626]],[[-73.99565,40.70626],[-73.99536,40.70636],[-73.99507,40.70646],[-73.99477,40.70654]],[[-73.99477,40.70654],[-73.99413,40.70668],[-73.99349,40.70683],[-73.99285,40.70697]],[[-73.99285,40.70697],[-73.99221,40.7071],[-73.99156,40.70724],[-73.99092,40.70737]],[[-73.99031,40.72337],[-73.99027,40.72343],[-73.99024,40.72351]],[[-74.02204,40.71275],[-74.02254,40.71267]],[[-73.99896,40.70853],[-73.99886,40.70846]],[[-73.98916,40.71672],[-73.98837,40.71645]],[[-74.00611,40.70436],[-74.00542,40.70481]],[[-74.0022,40.70997],[-74.00308,40.71063]],[[-73.99052,40.70747],[-73.99016,40.70758],[-73.98979,40.70768],[-73.98942,40.70777]],[[-73.98942,40.70777],[-73.98905,40.70786],[-73.98867,40.70795],[-73.9883,40.70803]],[[-73.9883,40.70803],[-73.98801,40.70807],[-73.98772,40.70811],[-73.98742,40.70814]],[[-73.98742,40.70814],[-73.98713,40.70818],[-73.98684,40.7082],[-73.98655,40.70823]],[[-73.98655,40.70823],[-73.98618,40.70826],[-73.98582,40.70828],[-73.98545,40.7083]],[[-73.98545,40.7083],[-73.98509,40.70831]],[[-74.00019,40.70865],[-74.0004,40.70874],[-74.00051,40.7088],[-74.0007,40.70892],[-74.00143,40.70942]],[[-74.01375,40.7024],[-74.01384,40.70241]],[[-73.99238,40.71506],[-73.99249,40.71509],[-73.99253,40.7151],[-73.9926,40.71512]],[[-73.99539,40.72502],[-73.99533,40.72509],[-73.99528,40.72516]],[[-74.01566,40.70484],[-74.01586,40.70484],[-74.01621,40.70481],[-74.0163,40.70481],[-74.01638,40.70485]],[[-74.01798,40.71503],[-74.01823,40.71522],[-74.02004,40.71547]],[[-73.99092,40.72219],[-73.99031,40.72337]],[[-74.00099,40.71794],[-74.00028,40.71763]],[[-74.00903,40.70532],[-74.00892,40.70495]],[[-74.01114,40.72582],[-74.01109,40.72612]],[[-74.00591,40.72226],[-74.00527,40.72303]],[[-74.0081,40.712],[-74.00767,40.71254]],[[-73.99455,40.71369],[-73.99446,40.71303]],[[-74.00515,40.70943],[-74.00499,40.70955],[-74.00483,40.70967]],[[-74.01406,40.71773],[-74.015,40.71813]],[[-73.99201,40.71624],[-73.99282,40.71649]],[[-74.00378,40.69907],[-74.00408,40.69887]],[[-74.01159,40.72431],[-74.0113,40.72596]],[[-73.99901,40.70857],[-73.99886,40.70864],[-73.9987,40.70871],[-73.99853,40.70877]],[[-73.99853,40.70877],[-73.99836,40.70883],[-73.99819,40.70888],[-73.99802,40.70893]],[[-73.99919,40.70848],[-73.9993,40.70851],[-73.99938,40.70853],[-73.99947,40.70856],[-73.99954,40.70859],[-73.99961,40.70863],[-73.99964,40.70866],[-73.99968,40.7087],[-73.9997,40.70874],[-73.99994,40.7091],[-74.00009,40.70926],[-74.00037,40.7095]],[[-74.01251,40.70678],[-74.01195,40.70746]],[[-74.009,40.71761],[-74.00894,40.71793]],[[-73.99076,40.71456],[-73.99113,40.71468]],[[-74.01666,40.70497],[-74.01665,40.70497],[-74.01664,40.70497],[-74.01663,40.70497]],[[-74.01663,40.70497],[-74.01662,40.70497],[-74.01662,40.70497],[-74.01661,40.70497]],[[-73.99294,40.71384],[-73.99272,40.71385]],[[-74.00776,40.71081],[-74.00738,40.71059]],[[-74.02294,40.71282],[-74.02293,40.71289],[-74.02275,40.71367]],[[-74.01522,40.71602],[-74.01517,40.71602],[-74.01511,40.71602],[-74.01506,40.71604],[-74.01502,40.71607],[-74.01499,40.71611],[-74.01478,40.71639]],[[-74.01308,40.70916],[-74.01299,40.70936]],[[-74.00118,40.70736],[-74.00102,40.70745]],[[-74.01624,40.70644],[-74.0163,40.70645]],[[-73.99023,40.70632],[-73.98958,40.70516]],[[-74.00775,40.71023],[-74.00738,40.71059]],[[-74.00014,40.71621],[-73.99993,40.71655]],[[-73.98566,40.71794],[-73.98551,40.71789],[-73.98522,40.7178],[-73.98506,40.71775]],[[-73.99189,40.71491],[-73.99131,40.71603]],[[-74.00141,40.72256],[-74.00203,40.72287],[-74.00217,40.72294]],[[-73.99198,40.71092],[-73.99192,40.71061],[-73.99185,40.71025],[-73.99182,40.71007],[-73.99178,40.70983]],[[-74.01373,40.71369],[-74.01384,40.71374]],[[-73.99343,40.72452],[-73.99304,40.72546]],[[-73.99118,40.71735],[-73.9907,40.71721]],[[-74.01127,40.7252],[-74.01116,40.72573],[-74.01114,40.72582]],[[-74.00906,40.71727],[-74.009,40.71761]],[[-73.99173,40.72637],[-73.99157,40.72682]],[[-74.01263,40.70501],[-74.01259,40.70468]],[[-74.00881,40.70602],[-74.00795,40.70555]],[[-74.00246,40.71158],[-74.00159,40.71166],[-74.00087,40.71171]],[[-73.98754,40.71984],[-73.98675,40.7196]],[[-74.00212,40.71517],[-74.00168,40.71575]],[[-74.00113,40.72417],[-74.00193,40.72456]],[[-74.0095,40.718],[-74.01053,40.71812]],[[-74.00894,40.71793],[-74.0095,40.718]],[[-74.0102,40.70771],[-74.01009,40.70763],[-74.00986,40.70748],[-74.00901,40.70695]],[[-73.99427,40.7116],[-73.99335,40.71169]],[[-74.00311,40.7137],[-74.0031,40.71397]],[[-74.0115,40.72298],[-74.0116,40.72299],[-74.0117,40.723]],[[-73.99113,40.71468],[-73.99189,40.71491]],[[-73.99984,40.7192],[-74.00062,40.71956]],[[-74.01087,40.72609],[-74.01097,40.7261],[-74.01109,40.72612]],[[-74.02426,40.71116],[-74.02424,40.71116],[-74.02422,40.71115],[-74.0242,40.71115]],[[-74.0242,40.71115],[-74.02418,40.71115],[-74.02416,40.71115],[-74.02415,40.71114]],[[-74.00392,40.72005],[-74.00351,40.72056]],[[-74.02165,40.70114],[-74.0215,40.70095],[-74.02133,40.70077],[-74.02115,40.7006]],[[-74.02115,40.7006],[-74.02095,40.70043],[-74.02074,40.70028],[-74.02052,40.70013]],[[-74.00474,40.72428],[-74.00604,40.72441]],[[-74.00609,40.70992],[-74.00586,40.71015],[-74.0056,40.71041]],[[-74.0199,40.70177],[-74.01983,40.70164],[-74.01976,40.70152],[-74.01969,40.70139]],[[-74.01969,40.70139],[-74.01962,40.70127],[-74.01954,40.70115],[-74.01946,40.70103]],[[-74.00739,40.70519],[-74.0069,40.70483]],[[-74.01327,40.70456],[-74.01333,40.70504]],[[-74.01506,40.70525],[-74.01462,40.70615]],[[-74.00313,40.71341],[-74.00326,40.71347],[-74.0036,40.71365]],[[-73.99395,40.71375],[-73.99395,40.7143]],[[-73.9887,40.71419],[-73.9886,40.71352]],[[-73.99213,40.70969],[-73.9921,40.70963],[-73.99207,40.70958]],[[-74.01153,40.7143],[-74.01136,40.71493]],[[-74.00767,40.71254],[-74.00926,40.71326]],[[-73.99627,40.72196],[-73.99571,40.72337]],[[-74.0081,40.712],[-74.00785,40.71174]],[[-74.0108,40.69962],[-74.0106,40.69964],[-74.0104,40.69966],[-74.0102,40.69969]],[[-74.0102,40.69969],[-74.01001,40.69972],[-74.00981,40.69975],[-74.00962,40.69978]],[[-74.00962,40.69978],[-74.00902,40.69996],[-74.00845,40.70016],[-74.00788,40.7004]],[[-74.00788,40.7004],[-74.00734,40.70065],[-74.00682,40.70093],[-74.00632,40.70124]],[[-74.00632,40.70124],[-74.00624,40.7013],[-74.00617,40.70136],[-74.0061,40.70142]],[[-74.0061,40.70142],[-74.00604,40.70149],[-74.00598,40.70157],[-74.00593,40.70164]],[[-74.00593,40.70164],[-74.00592,40.70167],[-74.00591,40.7017],[-74.00591,40.70173],[-74.00591,40.70176],[-74.00591,40.70179],[-74.00592,40.70182],[-74.00593,40.70185],[-74.00594,40.70188],[-74.00596,40.70191],[-74.00598,40.70194],[-74.006,40.70196],[-74.00603,40.70198]],[[-74.00603,40.70198],[-74.0068,40.70265],[-74.00646,40.70328]],[[-74.01443,40.70316],[-74.013,40.70311]],[[-74.01255,40.71318],[-74.01233,40.71395]],[[-73.99866,40.70835],[-73.99862,40.70837],[-73.9985,40.70842],[-73.99819,40.70854],[-73.99808,40.70859],[-73.99763,40.70871],[-73.99738,40.70878],[-73.99687,40.70888],[-73.99603,40.70901]],[[-74.01454,40.71711],[-74.01406,40.71773]],[[-74.01383,40.71762],[-74.01393,40.71767],[-74.01406,40.71773]],[[-73.99051,40.70707],[-73.9901,40.70634]],[[-74.01136,40.71493],[-74.01207,40.71504],[-74.01322,40.71522]],[[-73.98566,40.71794],[-73.98566,40.71793],[-73.98565,40.71791],[-73.98565,40.7179],[-73.98564,40.71789],[-73.98564,40.71788],[-73.98563,40.71787]],[[-73.98563,40.71787],[-73.98562,40.71786],[-73.98561,40.71785],[-73.98559,40.71784],[-73.98558,40.71783],[-73.98557,40.71782],[-73.98555,40.71781]],[[-73.98555,40.71781],[-73.98527,40.7177],[-73.98512,40.71764]],[[-73.99901,40.70857],[-73.99896,40.70853]],[[-74.0147,40.70741],[-74.01552,40.70771]],[[-74.00458,40.72418],[-74.00474,40.72428]],[[-73.98583,40.71761],[-73.98571,40.71741],[-73.98546,40.71733],[-73.9853,40.71728]],[[-74.02165,40.70114],[-74.02333,40.70076]],[[-73.99699,40.71655],[-73.99633,40.7176]],[[-74.01194,40.70931],[-74.01169,40.7097]],[[-74.0038,40.70009],[-74.00378,40.69907]],[[-73.99384,40.72084],[-73.99389,40.72088],[-73.99386,40.72097]],[[-74.02047,40.71351],[-74.02043,40.71373],[-74.02015,40.71496]],[[-73.99186,40.72643],[-73.9917,40.72687]],[[-74.00419,40.70049],[-74.00421,40.70046],[-74.00423,40.70043],[-74.00426,40.70039]],[[-74.00426,40.70039],[-74.00429,40.70036],[-74.00431,40.70033],[-74.00434,40.7003]],[[-74.01396,40.70712],[-74.01359,40.70798]],[[-73.9966,40.70581],[-73.99659,40.70582],[-73.99658,40.70583],[-73.99658,40.70583]],[[-73.99658,40.70583],[-73.99657,40.70584],[-73.99656,40.70585],[-73.99655,40.70585]],[[-74.0017,40.70776],[-74.00139,40.70735],[-74.00134,40.70728]],[[-74.00373,40.71166],[-74.00353,40.7115],[-74.00346,40.71144],[-74.00328,40.71129]],[[-73.99208,40.71024],[-73.99205,40.71006]],[[-74.00058,40.71558],[-74.00014,40.71621]],[[-74.01676,40.70481],[-74.01694,40.70482]],[[-73.99201,40.7097],[-73.99198,40.70965],[-73.99194,40.7096]],[[-74.02012,40.71514],[-74.02171,40.71535]],[[-74.02171,40.71535],[-74.02173,40.71535],[-74.02175,40.71536],[-74.02177,40.71536],[-74.02178,40.71536],[-74.0218,40.71535],[-74.02182,40.71535],[-74.02184,40.71535],[-74.02186,40.71534],[-74.02187,40.71533],[-74.02189,40.71533],[-74.02191,40.71532],[-74.02192,40.71531],[-74.02193,40.7153],[-74.02194,40.71529],[-74.02195,40.71527],[-74.02196,40.71526],[-74.02197,40.71525],[-74.02197,40.71523]],[[-74.02197,40.71523],[-74.02223,40.71408]],[[-74.02223,40.71408],[-74.02223,40.71405],[-74.02224,40.71402],[-74.02225,40.714],[-74.02226,40.71397],[-74.02227,40.71395],[-74.02229,40.71392],[-74.02231,40.7139],[-74.02233,40.71388],[-74.02236,40.71386],[-74.02238,40.71384]],[[-74.02238,40.71384],[-74.02241,40.71383],[-74.02244,40.71381],[-74.02248,40.7138],[-74.02251,40.71379],[-74.02254,40.71378],[-74.02258,40.71378],[-74.02261,40.71377],[-74.02265,40.71377],[-74.02269,40.71377],[-74.02272,40.71378]],[[-73.9993,40.70812],[-73.9992,40.70812],[-73.99909,40.70815],[-73.99898,40.70818],[-73.9987,40.70833],[-73.99866,40.70835]],[[-73.99487,40.71564],[-73.99485,40.71524],[-73.99483,40.71519],[-73.9948,40.7151],[-73.99444,40.71443]],[[-73.99987,40.70858],[-74.00002,40.70893]],[[-73.99589,40.72516],[-73.99585,40.72522],[-73.9958,40.72527]],[[-73.99875,40.71845],[-73.99942,40.71869]],[[-73.99502,40.70455],[-73.9947,40.7043]],[[-74.01147,40.72607],[-74.01161,40.72608]],[[-74.01219,40.70135],[-74.01201,40.70133],[-74.0111,40.70155],[-74.01103,40.70157],[-74.00998,40.70182]],[[-74.01584,40.702],[-74.01583,40.7021],[-74.01582,40.7022]],[[-74.00912,40.71693],[-74.00906,40.71727]],[[-73.98987,40.72559],[-73.98749,40.72458]],[[-73.98906,40.71872],[-73.98825,40.71847]],[[-73.99684,40.72536],[-73.99589,40.72516]],[[-74.01439,40.70361],[-74.01311,40.7036]],[[-74.01326,40.70874],[-74.01406,40.70909]],[[-74.00702,40.71179],[-74.00699,40.71175],[-74.00695,40.7117]],[[-73.99218,40.70976],[-73.99205,40.70978]],[[-74.01158,40.72623],[-74.01175,40.72628],[-74.01514,40.72672]],[[-74.01257,40.70322],[-74.0116,40.70345]],[[-74.01267,40.69866],[-74.0127,40.69862],[-74.01274,40.69857],[-74.01279,40.69852],[-74.01284,40.69848]],[[-74.01284,40.69848],[-74.01305,40.69837],[-74.01327,40.69826],[-74.01351,40.69816]],[[-74.00973,40.725],[-74.01005,40.72525]],[[-73.99058,40.70745],[-73.99057,40.70746],[-73.99056,40.70746],[-73.99055,40.70746]],[[-73.99055,40.70746],[-73.99054,40.70747],[-73.99053,40.70747],[-73.99052,40.70747]],[[-73.99256,40.7144],[-73.99214,40.71443]],[[-73.99446,40.71303],[-73.99412,40.71306]],[[-74.00551,40.7091],[-74.00644,40.70957]],[[-74.01068,40.70712],[-74.01069,40.7072],[-74.0102,40.70771]],[[-73.99956,40.71393],[-73.99959,40.71446]],[[-73.9974,40.72146],[-73.99776,40.72158]],[[-73.99395,40.7143],[-73.9934,40.71536]],[[-74.00281,40.7171],[-74.00294,40.71716]],[[-74.02015,40.71496],[-74.02122,40.7151]],[[-74.02122,40.7151],[-74.02125,40.7151],[-74.02127,40.7151],[-74.0213,40.7151],[-74.02132,40.7151],[-74.02135,40.7151],[-74.02137,40.71509],[-74.02139,40.71509],[-74.02142,40.71508],[-74.02144,40.71507],[-74.02146,40.71506],[-74.02148,40.71505],[-74.0215,40.71503],[-74.02151,40.71502],[-74.02153,40.715],[-74.02154,40.71499]],[[-74.02154,40.71499],[-74.02177,40.71399],[-74.02204,40.71275]],[[-74.01158,40.70403],[-74.0116,40.70359]],[[-74.00038,40.70335],[-74.00014,40.70273]],[[-73.99329,40.71169],[-73.99323,40.7117]],[[-74.00757,40.72577],[-74.00836,40.72585]],[[-74.01606,40.70881],[-74.01642,40.70891]],[[-73.99219,40.7109],[-73.99209,40.71091],[-73.99198,40.71092]],[[-73.98986,40.72053],[-73.98972,40.72049],[-73.98959,40.72045]],[[-73.99866,40.70835],[-73.9986,40.70835]],[[-74.00813,40.70468],[-74.00739,40.70519]],[[-74.00531,40.72183],[-74.00591,40.72226],[-74.0063,40.72256]],[[-74.01227,40.72034],[-74.01245,40.72037]],[[-74.00406,40.70745],[-74.0034,40.70809]],[[-74.00272,40.71084],[-74.00314,40.71127],[-74.00321,40.71134]],[[-74.01026,40.69898],[-74.0103,40.69907],[-74.01034,40.69916],[-74.0104,40.69925],[-74.01047,40.69933],[-74.01055,40.69941]],[[-74.01055,40.69941],[-74.0108,40.69962]],[[-74.00205,40.70821],[-74.00202,40.70816],[-74.0017,40.70776]],[[-74.00401,40.69988],[-74.00402,40.69993],[-74.00403,40.69999],[-74.00404,40.70004]],[[-74.00404,40.70004],[-74.00406,40.7001],[-74.00408,40.70015],[-74.0041,40.70021]],[[-73.98982,40.71895],[-73.98906,40.71872]],[[-73.99887,40.715],[-73.99849,40.71564]],[[-74.00607,40.71202],[-74.00604,40.71191]],[[-73.9945,40.71424],[-73.99421,40.71374]],[[-73.99178,40.70983],[-73.98979,40.7101]],[[-74.01085,40.70881],[-74.01054,40.70916]],[[-73.9936,40.72166],[-73.99353,40.72164],[-73.99346,40.72162]],[[-73.98657,40.71048],[-73.98656,40.7104]],[[-74.01438,40.70823],[-74.01406,40.70909]],[[-73.99031,40.72337],[-73.98944,40.72309]],[[-74.00999,40.70981],[-74.0098,40.70973],[-74.00961,40.70964],[-74.00944,40.70954],[-74.00928,40.70942],[-74.00913,40.7093]],[[-73.994,40.71307],[-73.99384,40.71308]],[[-74.01523,40.70717],[-74.01518,40.70716],[-74.01514,40.70715],[-74.0151,40.70713]],[[-74.0151,40.70713],[-74.01506,40.70712],[-74.01503,40.7071],[-74.01499,40.70708]],[[-74.01499,40.70708],[-74.01493,40.70702],[-74.01488,40.70695],[-74.01484,40.70688],[-74.0148,40.70681],[-74.01477,40.70673],[-74.01475,40.70666]],[[-74.01475,40.70666],[-74.01474,40.70658],[-74.01474,40.7065],[-74.01474,40.70642],[-74.01475,40.70635],[-74.01477,40.70627],[-74.0148,40.70619]],[[-74.00329,40.70584],[-74.00328,40.70583]],[[-74.00483,40.70967],[-74.00425,40.71017]],[[-73.99262,40.71318],[-73.9925,40.71319],[-73.99239,40.7132]],[[-74.00114,40.71018],[-74.00066,40.70985]],[[-74.01194,40.70931],[-74.01284,40.70972]],[[-73.99581,40.71665],[-73.99543,40.71729]],[[-73.99224,40.72126],[-73.99151,40.72104]],[[-73.99262,40.71318],[-73.99254,40.71247]],[[-74.00932,40.72471],[-74.00922,40.72531],[-74.0092,40.72542],[-74.00911,40.72592]],[[-74.00311,40.71075],[-74.00319,40.71081],[-74.00329,40.71085],[-74.00335,40.71087]],[[-74.01255,40.70151],[-74.01209,40.7016]],[[-74.01677,40.70934],[-74.01783,40.70957],[-74.01789,40.70948]],[[-73.99859,40.71711],[-73.99931,40.71756]],[[-73.9926,40.71081],[-73.99219,40.71005],[-73.99205,40.70978]],[[-73.99123,40.71449],[-73.99076,40.71456]],[[-74.00801,40.70799],[-74.00746,40.70723]],[[-73.9862,40.71691],[-73.98704,40.71716]],[[-74.01296,40.7182],[-74.01286,40.71856],[-74.01286,40.71859],[-74.01284,40.71862],[-74.01281,40.71867],[-74.0128,40.7187],[-74.01279,40.71872],[-74.01279,40.71873],[-74.0127,40.7191]],[[-73.99022,40.71441],[-73.99019,40.71406]],[[-73.99658,40.72118],[-73.9974,40.72146]],[[-73.99607,40.70976],[-73.99603,40.70959],[-73.99602,40.70954],[-73.99595,40.7093],[-73.99606,40.70921]],[[-73.99191,40.70953],[-73.99131,40.70848],[-73.99071,40.70742]],[[-74.00842,40.70954],[-74.00781,40.7091]],[[-74.00142,40.70982],[-74.00123,40.70967]],[[-74.01599,40.70897],[-74.01592,40.70912]],[[-74.00912,40.71693],[-74.00999,40.71739]],[[-73.9931,40.71793],[-73.99222,40.71767]],[[-73.98566,40.71794],[-73.98572,40.71782]],[[-74.00222,40.72035],[-74.00145,40.72126]],[[-73.99766,40.72574],[-73.99761,40.72581],[-73.99756,40.72587]],[[-74.01605,40.70705],[-74.01602,40.70712],[-74.016,40.70718]],[[-73.99019,40.71406],[-73.98964,40.71411],[-73.98946,40.71413],[-73.98934,40.71414]],[[-73.99841,40.72611],[-73.99836,40.72618],[-73.99831,40.72624]],[[-73.99302,40.71436],[-73.9929,40.71457]],[[-74.01465,40.71544],[-74.01484,40.71471],[-74.01514,40.71431]],[[-73.9931,40.71793],[-73.99262,40.71886]],[[-73.99658,40.72118],[-73.99627,40.72196]],[[-73.99772,40.71537],[-73.99849,40.71564]],[[-74.00839,40.71437],[-74.00969,40.71496]],[[-73.98693,40.71291],[-73.9869,40.71268],[-73.98689,40.71262],[-73.98688,40.71256],[-73.98681,40.71207],[-73.98675,40.71163],[-73.98674,40.71154]],[[-74.00506,40.72299],[-74.00445,40.72273]],[[-74.01429,40.70456],[-74.01432,40.70464]],[[-74.01432,40.70464],[-74.01441,40.70468],[-74.0145,40.70471],[-74.01458,40.70473]],[[-74.01458,40.70473],[-74.01468,40.70476],[-74.01477,40.70478],[-74.01486,40.7048]],[[-74.01486,40.7048],[-74.01496,40.70477]],[[-74.01579,40.70771],[-74.01578,40.70774]],[[-74.01589,40.7078],[-74.01609,40.70771]],[[-74.00457,40.69804],[-74.00447,40.69818],[-74.00438,40.69831],[-74.00429,40.69845]],[[-74.00429,40.69845],[-74.00422,40.69858],[-74.00415,40.69873],[-74.00408,40.69887]],[[-73.98695,40.72099],[-73.98679,40.72131],[-73.98634,40.72215]],[[-74.00521,40.72064],[-74.00392,40.72005]],[[-73.99497,40.72064],[-73.99575,40.7209]],[[-73.99186,40.70973],[-73.99183,40.70967]],[[-74.00799,40.72329],[-74.00954,40.72344]],[[-73.99407,40.71374],[-73.99371,40.71309]],[[-74.00066,40.72219],[-74.00141,40.72256]],[[-73.99022,40.71441],[-73.99023,40.7145],[-73.99022,40.71459],[-73.9902,40.71467],[-73.98976,40.71556]],[[-73.99731,40.71346],[-73.99712,40.71281]],[[-74.00921,40.7162],[-74.00912,40.71693]],[[-74.01144,40.72429],[-74.01136,40.72472],[-74.01133,40.72485],[-74.01127,40.7252]],[[-74.00926,40.71326],[-74.00883,40.7138]],[[-73.99495,40.72487],[-73.99491,40.72496],[-73.99488,40.72503]],[[-74.01065,40.7037],[-74.0105,40.70381]],[[-74.01333,40.7174],[-74.01383,40.71762]],[[-74.00294,40.71716],[-74.00242,40.71773]],[[-74.01513,40.69934],[-74.01539,40.69997],[-74.01561,40.70087],[-74.01568,40.70126]],[[-74.0095,40.718],[-74.00933,40.7187]],[[-73.98852,40.72147],[-73.98777,40.72124]],[[-74.0148,40.70619],[-74.015,40.70596]],[[-74.00889,40.70905],[-74.00801,40.70799]],[[-73.98572,40.71782],[-73.98558,40.71778],[-73.98528,40.71768],[-73.98512,40.71764]],[[-73.98976,40.71556],[-73.98916,40.71541],[-73.98849,40.71506]],[[-73.99183,40.70967],[-73.9918,40.70962]],[[-74.01384,40.70241],[-74.01421,40.70275]],[[-74.01421,40.70275],[-74.01426,40.70281],[-74.01431,40.70287],[-74.01435,40.70294]],[[-74.01435,40.70294],[-74.01439,40.70301],[-74.01441,40.70308],[-74.01443,40.70316]],[[-74.00221,40.72163],[-74.00141,40.72256]],[[-74.00208,40.71674],[-74.00281,40.7171]],[[-74.02391,40.71254],[-74.02403,40.71251]],[[-74.01448,40.71193],[-74.01435,40.7125],[-74.01402,40.7137]],[[-74.01156,40.70473],[-74.01259,40.70468]],[[-73.99633,40.71023],[-73.99621,40.71024]],[[-73.99384,40.72084],[-73.99377,40.72085],[-73.99374,40.72092]],[[-73.99384,40.71308],[-73.99371,40.71309]],[[-73.99336,40.71908],[-73.9943,40.71937],[-73.9944,40.71947]],[[-74.01538,40.70486],[-74.01536,40.70492]],[[-73.98934,40.71414],[-73.99022,40.71441]],[[-73.98754,40.71984],[-73.98695,40.72099]],[[-74.01124,40.72427],[-74.01115,40.7247],[-74.01112,40.72483],[-74.01106,40.72516]],[[-74.00659,40.71887],[-74.00686,40.719],[-74.00694,40.71913]],[[-74.00369,40.70195],[-74.00356,40.70202]],[[-73.99327,40.71241],[-73.99254,40.71247]],[[-74.00745,40.70606],[-74.00677,40.70563]],[[-74.01267,40.69866],[-74.01212,40.69874],[-74.01182,40.69877]],[[-74.01182,40.69877],[-74.01156,40.6988],[-74.0113,40.69883],[-74.01104,40.69886]],[[-74.01104,40.69886],[-74.01078,40.6989],[-74.01052,40.69894],[-74.01026,40.69898]],[[-74.00267,40.71156],[-74.00246,40.71158]],[[-74.00391,40.71118],[-74.00428,40.71141]],[[-74.01681,40.70515],[-74.01681,40.70513],[-74.01681,40.70511],[-74.01681,40.7051],[-74.0168,40.70508],[-74.0168,40.70507],[-74.01679,40.70505]],[[-74.01679,40.70505],[-74.01678,40.70504],[-74.01677,40.70503],[-74.01676,40.70502],[-74.01674,40.705],[-74.01673,40.70499],[-74.01671,40.70498]],[[-73.99804,40.71483],[-73.99887,40.715]],[[-74.01022,40.72418],[-74.01007,40.72505]],[[-74.0063,40.72256],[-74.00623,40.72313]],[[-74.00607,40.71202],[-74.00574,40.7121]],[[-74.00697,40.72101],[-74.00694,40.72116],[-74.00689,40.72131],[-74.00683,40.72145],[-74.00674,40.72159]],[[-74.01047,40.71154],[-74.012,40.71204]],[[-74.00127,40.71897],[-74.0014,40.71906],[-74.00189,40.71941]],[[-73.98556,40.72192],[-73.98552,40.72199],[-73.98548,40.72205]],[[-73.99687,40.71507],[-73.99772,40.71537]],[[-74.00725,40.72165],[-74.00749,40.72162]],[[-74.00749,40.72162],[-74.00754,40.72162],[-74.00759,40.72161],[-74.00764,40.7216],[-74.00769,40.72159],[-74.00773,40.72157],[-74.00777,40.72155],[-74.00782,40.72153],[-74.00785,40.72151],[-74.00789,40.72148],[-74.00792,40.72145],[-74.00795,40.72142],[-74.00797,40.72139],[-74.00799,40.72136],[-74.00801,40.72132],[-74.00802,40.72128],[-74.00803,40.72125],[-74.00804,40.72121],[-74.00804,40.72117],[-74.00803,40.72114],[-74.00802,40.7211],[-74.00801,40.72106],[-74.00799,40.72103]],[[-73.99422,40.72462],[-73.99418,40.7247],[-73.99415,40.72477]],[[-74.01257,40.70322],[-74.01231,40.70269]],[[-74.00552,40.7058],[-74.0052,40.70601]],[[-74.00906,40.71727],[-74.00964,40.71734]],[[-74.01793,40.70618],[-74.01787,40.70636],[-74.01779,40.70653],[-74.01769,40.70669],[-74.01758,40.70685]],[[-73.98704,40.71716],[-73.9867,40.71782]],[[-73.99506,40.72615],[-73.99584,40.72653]],[[-74.00999,40.70516],[-74.01033,40.70477]],[[-74.01798,40.71503],[-74.0183,40.71489],[-74.02012,40.71514]],[[-74.00901,40.70695],[-74.00865,40.70735]],[[-73.99282,40.71649],[-73.99222,40.71767]],[[-74.0116,40.70345],[-74.01151,40.70297]],[[-74.01413,40.70469],[-74.01406,40.70486],[-74.01398,40.70502],[-74.01387,40.70518],[-74.01375,40.70533],[-74.01359,40.7055],[-74.01326,40.70588]],[[-73.98899,40.72679],[-73.9866,40.72579]],[[-74.01083,40.71693],[-74.01069,40.71748]],[[-74.00967,40.71273],[-74.00926,40.71326]],[[-74.00836,40.72585],[-74.00835,40.72592]],[[-74.02133,40.69945],[-74.02052,40.70013]],[[-74.00705,40.70376],[-74.00629,40.70424]],[[-74.00485,40.7013],[-74.0048,40.70121],[-74.00475,40.7011],[-74.00471,40.701]],[[-74.00471,40.701],[-74.0047,40.70091],[-74.00469,40.70082],[-74.00469,40.70073]],[[-74.00469,40.70073],[-74.00471,40.70064],[-74.00473,40.70056],[-74.00476,40.70047]],[[-74.00476,40.70047],[-74.00508,40.70016],[-74.00541,40.69987],[-74.00578,40.69959]],[[-74.00578,40.69959],[-74.00616,40.69933],[-74.00657,40.6991],[-74.007,40.69888]],[[-74.007,40.69888],[-74.00733,40.69876],[-74.00767,40.69865],[-74.00802,40.69855]],[[-74.00802,40.69855],[-74.00836,40.69845],[-74.00871,40.69836],[-74.00907,40.69827]],[[-74.00907,40.69827],[-74.00921,40.69823],[-74.00935,40.6982],[-74.00949,40.69816]],[[-74.00949,40.69816],[-74.00964,40.69813],[-74.00978,40.6981],[-74.00993,40.69807]],[[-74.00993,40.69807],[-74.01004,40.69805],[-74.01016,40.69803],[-74.01028,40.69801]],[[-74.0089,40.70487],[-74.0087,40.70496],[-74.00851,40.70507],[-74.00833,40.70519],[-74.00816,40.70532],[-74.00801,40.70545]],[[-73.99849,40.71564],[-73.99776,40.71682]],[[-74.00697,40.72101],[-74.00685,40.72109]],[[-74.00685,40.72109],[-74.00683,40.7211],[-74.00681,40.72111],[-74.00678,40.72112],[-74.00676,40.72113],[-74.00673,40.72113],[-74.00671,40.72114],[-74.00668,40.72114],[-74.00666,40.72114],[-74.00663,40.72114],[-74.0066,40.72114],[-74.00658,40.72114]],[[-74.00509,40.71099],[-74.00425,40.71017]],[[-74.00998,40.70182],[-74.00994,40.70191]],[[-74.02496,40.70631],[-74.02496,40.70646],[-74.02498,40.7066],[-74.025,40.70674]],[[-74.00703,40.7245],[-74.00778,40.72457]],[[-73.99996,40.71803],[-74.00053,40.71844]],[[-74.00114,40.71018],[-74.0011,40.70996]],[[-74.00791,40.72371],[-74.0079,40.72387],[-74.00778,40.72457]],[[-74.0056,40.71041],[-74.00483,40.70967]],[[-74.01326,40.70588],[-74.01251,40.70678]],[[-74.01543,40.70462],[-74.0154,40.70481]],[[-73.99151,40.72104],[-73.991,40.72202],[-73.99096,40.72211],[-73.99092,40.72219]],[[-74.01632,40.70492],[-74.01633,40.70492],[-74.01635,40.70492],[-74.01636,40.70493],[-74.01638,40.70493]],[[-74.01638,40.70493],[-74.01639,40.70494],[-74.0164,40.70495],[-74.01641,40.70495],[-74.01643,40.70496]],[[-74.01643,40.70496],[-74.01644,40.70498],[-74.01645,40.70499],[-74.01645,40.705],[-74.01646,40.70502]],[[-74.01646,40.70502],[-74.01647,40.70503],[-74.01647,40.70505],[-74.01647,40.70506],[-74.01648,40.70508]],[[-73.99589,40.72516],[-73.99539,40.72502]],[[-74.00002,40.70799],[-74.00004,40.70811],[-74.00008,40.70824],[-74.00015,40.70835],[-74.00023,40.70846]],[[-74.00082,40.71694],[-73.99993,40.71655]],[[-74.00921,40.7162],[-74.01083,40.71693]],[[-74.00419,40.71184],[-74.0041,40.71185]],[[-73.99163,40.72462],[-73.99082,40.72428]],[[-74.01456,40.70639],[-74.01456,40.7065],[-74.01457,40.70661],[-74.0146,40.70672],[-74.01464,40.70683]],[[-74.01464,40.70683],[-74.01469,40.70693],[-74.01475,40.70703],[-74.01482,40.70713],[-74.01491,40.70722]],[[-74.02012,40.71514],[-74.02008,40.71531]],[[-74.00212,40.71517],[-74.00131,40.7148]],[[-74.00696,40.72513],[-74.00767,40.7252]],[[-74.01251,40.70678],[-74.01337,40.70715]],[[-74.01642,40.70891],[-74.01696,40.70907]],[[-73.99056,40.7158],[-73.99131,40.71603]],[[-73.98825,40.71847],[-73.9882,40.71856],[-73.98817,40.71862]],[[-74.00969,40.71496],[-74.01012,40.71515],[-74.01051,40.71533],[-74.01073,40.71543],[-74.01082,40.71547],[-74.01112,40.7156]],[[-74.0078,40.70307],[-74.00783,40.70309],[-74.00786,40.70312]],[[-74.00783,40.72088],[-74.00701,40.72048]],[[-73.99749,40.71402],[-73.99731,40.71346]],[[-74.01109,40.72612],[-74.01108,40.72621]],[[-74.00764,40.70835],[-74.00684,40.70787]],[[-74.00966,40.72279],[-74.00954,40.72344]],[[-74.00653,40.70824],[-74.00601,40.70868]],[[-74.01418,40.70671],[-74.01396,40.70712]],[[-73.99779,40.72424],[-73.99859,40.72464]],[[-73.99745,40.71408],[-73.99609,40.71414],[-73.99511,40.7142],[-73.99484,40.71422]],[[-74.00509,40.70116],[-74.00485,40.7013]],[[-74.00403,40.71688],[-74.00354,40.71746]],[[-74.00551,40.7091],[-74.00515,40.70943]],[[-74.015,40.70596],[-74.01526,40.70529]],[[-73.99766,40.72084],[-73.99748,40.72125],[-73.9974,40.72146]],[[-74.00392,40.70725],[-74.00406,40.70745]],[[-74.00694,40.71913],[-74.0087,40.7193]],[[-73.99239,40.72493],[-73.99228,40.72526]],[[-74.0063,40.72256],[-74.00763,40.72351]],[[-74.00684,40.70787],[-74.00595,40.70721]],[[-74.01579,40.71158],[-74.01564,40.7119]],[[-73.98897,40.71888],[-73.98835,40.72009]],[[-74.01482,40.7014],[-74.01475,40.70136],[-74.01466,40.70133],[-74.01458,40.7013]],[[-74.01458,40.7013],[-74.0145,40.70127],[-74.01441,40.70125],[-74.01432,40.70124]],[[-74.005,40.70686],[-74.00456,40.70642]],[[-74.01694,40.70482],[-74.01705,40.70484]],[[-74.01478,40.71639],[-74.0143,40.717]],[[-73.99575,40.7209],[-73.99658,40.72118]],[[-74.00987,40.7058],[-74.01028,40.70595],[-74.01057,40.70606],[-74.01119,40.70629]],[[-74.00013,40.70792],[-74.00002,40.70799]],[[-74.02415,40.71114],[-74.02496,40.70631]],[[-74.00509,40.70116],[-74.00506,40.70107],[-74.00504,40.70098],[-74.00503,40.70088]],[[-74.00503,40.70088],[-74.00504,40.70079],[-74.00506,40.70069],[-74.00509,40.7006]],[[-74.00509,40.7006],[-74.0054,40.70028],[-74.00575,40.69998],[-74.00612,40.6997]],[[-74.00612,40.6997],[-74.00653,40.69945],[-74.00697,40.69922],[-74.00742,40.69903]],[[-74.00742,40.69903],[-74.00773,40.69892],[-74.00804,40.69882],[-74.00836,40.69872]],[[-74.00836,40.69872],[-74.00868,40.69863],[-74.009,40.69855],[-74.00932,40.69847]],[[-74.00932,40.69847],[-74.00949,40.69842],[-74.00966,40.69838],[-74.00983,40.69834]],[[-74.00983,40.69834],[-74.01001,40.6983],[-74.01018,40.69826],[-74.01035,40.69823]],[[-74.00437,40.71947],[-74.00254,40.71864]],[[-74.00764,40.70835],[-74.00728,40.70872]],[[-73.9931,40.71171],[-73.99297,40.71172]],[[-74.01005,40.72525],[-74.00992,40.726]],[[-73.99662,40.70099],[-73.99651,40.70133],[-73.99626,40.70166],[-73.99609,40.70193],[-73.99575,40.70277]],[[-73.99952,40.70811],[-73.9994,40.70811]],[[-73.99491,40.72304],[-73.99422,40.72462]],[[-73.99886,40.70846],[-73.99883,40.70844],[-73.99878,40.7084]],[[-73.99395,40.71375],[-73.99294,40.71384]],[[-74.00298,40.72332],[-74.00364,40.72369]],[[-74.01724,40.7268],[-74.01767,40.72687]],[[-74.00933,40.7187],[-74.0104,40.71881]],[[-74.0034,40.70809],[-74.0029,40.70852],[-74.0025,40.70885]],[[-73.99494,40.70467],[-73.99457,40.70438]],[[-74.00303,40.71145],[-74.0031,40.71153],[-74.00324,40.71172]],[[-74.01168,40.71279],[-74.011,40.71334]],[[-74.01147,40.72607],[-74.0113,40.72596]],[[-73.99123,40.7238],[-73.99103,40.72374]],[[-74.01372,40.70114],[-74.01375,40.70121]],[[-73.9886,40.72301],[-73.98851,40.72298],[-73.98783,40.72277]],[[-74.01013,40.71439],[-74.0105,40.71455],[-74.01065,40.71462],[-74.01136,40.71493]],[[-73.99133,40.71941],[-73.99128,40.71949],[-73.99124,40.71957]],[[-74.0116,40.70359],[-74.0116,40.70345]],[[-73.98704,40.71716],[-73.98788,40.71742]],[[-74.0234,40.71269],[-74.02377,40.71258]],[[-74.00992,40.72147],[-74.01068,40.72153]],[[-73.99584,40.72653],[-73.99666,40.72694]],[[-74.01353,40.71527],[-74.01341,40.71575],[-74.01331,40.71614],[-74.01321,40.71653]],[[-74.00532,40.71828],[-74.00485,40.71886]],[[-73.99219,40.7109],[-73.99212,40.71059]],[[-74.01054,40.70916],[-74.00999,40.70981]],[[-74.0108,40.71103],[-74.01047,40.71154]],[[-73.99315,40.72284],[-73.99309,40.72283],[-73.99303,40.72281]],[[-73.99205,40.71006],[-73.99201,40.70979]],[[-73.99273,40.7214],[-73.99224,40.72126]],[[-73.99151,40.72104],[-73.99063,40.72077]],[[-74.01798,40.71503],[-74.02008,40.71531]],[[-73.99105,40.72357],[-73.99103,40.72366]],[[-74.00102,40.70745],[-74.00013,40.70792]],[[-74.00438,40.70157],[-74.00422,40.70166]],[[-73.99799,40.71274],[-73.99777,40.71198]],[[-74.00062,40.71956],[-73.99987,40.72044]],[[-73.98835,40.72009],[-73.98754,40.71984]],[[-74.00303,40.71145],[-74.00267,40.71156]],[[-74.00621,40.70532],[-74.00601,40.70546],[-74.00552,40.7058]],[[-73.99124,40.71957],[-73.99083,40.72039],[-73.9908,40.72044],[-73.99063,40.72077]],[[-74.00364,40.71098],[-74.00362,40.71102],[-74.00359,40.71105]],[[-74.00351,40.7109],[-74.00358,40.71094],[-74.00364,40.71098]],[[-74.01595,40.70668],[-74.01609,40.7064],[-74.0162,40.70607],[-74.01635,40.70566]],[[-74.00168,40.71575],[-74.00079,40.7153]],[[-74.003,40.70609],[-74.00296,40.70611],[-74.00226,40.70654]],[[-73.99852,40.71979],[-73.99806,40.71959]],[[-73.99289,40.71173],[-73.99246,40.71176]],[[-73.99821,40.70396],[-73.99659,40.70422]],[[-73.99659,40.70422],[-73.99651,40.70422],[-73.99644,40.70422],[-73.99636,40.70421],[-73.99629,40.70419],[-73.99622,40.70417],[-73.99615,40.70414],[-73.99608,40.70411],[-73.99602,40.70408],[-73.99597,40.70404],[-73.99591,40.704]],[[-73.99591,40.704],[-73.99587,40.70394],[-73.99584,40.70387],[-73.99582,40.70381],[-73.9958,40.70374],[-73.99579,40.70367],[-73.99579,40.7036],[-73.99579,40.70353],[-73.99581,40.70347],[-73.99583,40.7034],[-73.99585,40.70333],[-73.99589,40.70327]],[[-74.00767,40.71254],[-74.00723,40.71306]],[[-73.99034,40.72494],[-73.98965,40.72463],[-73.98889,40.7243],[-73.98797,40.72392]],[[-73.99242,40.71084],[-73.99219,40.7109]],[[-74.00589,40.71469],[-74.00542,40.71524]],[[-74.00463,40.70507],[-74.00459,40.705]],[[-73.99273,40.71078],[-73.9926,40.71081]],[[-74.01124,40.72427],[-74.01136,40.72429]],[[-73.99945,40.71734],[-73.99859,40.71711]],[[-74.0113,40.72596],[-74.01114,40.72582]],[[-74.00668,40.71654],[-74.00796,40.71713]],[[-74.02004,40.71547],[-74.02001,40.71564]],[[-73.99374,40.72092],[-73.99346,40.72162]],[[-74.00799,40.72329],[-74.00797,40.72337]],[[-73.99633,40.7176],[-73.99711,40.71788]],[[-74.0199,40.70177],[-74.02165,40.70114]],[[-73.99544,40.71601],[-73.99581,40.71665]],[[-73.9887,40.71419],[-73.98841,40.71422],[-73.98772,40.71427],[-73.98767,40.71428],[-73.98717,40.71432]],[[-74.00465,40.72492],[-74.0059,40.72503]],[[-73.99219,40.71969],[-73.99216,40.71976],[-73.99212,40.71984]],[[-74.0158,40.70708],[-74.01563,40.70711]],[[-74.01563,40.70711],[-74.01558,40.70711],[-74.01554,40.70711],[-74.01549,40.70711],[-74.01544,40.7071]],[[-74.01544,40.7071],[-74.0154,40.70709],[-74.01535,40.70708],[-74.01531,40.70707],[-74.01527,40.70705]],[[-74.01527,40.70705],[-74.01524,40.70703],[-74.01522,40.70702],[-74.01519,40.707]],[[-74.01519,40.707],[-74.01517,40.70698],[-74.01515,40.70696],[-74.01513,40.70694]],[[-74.01513,40.70694],[-74.01508,40.70688],[-74.01504,40.70681],[-74.01501,40.70674],[-74.01498,40.70667],[-74.01497,40.7066]],[[-74.01497,40.7066],[-74.01496,40.70653],[-74.01496,40.70646],[-74.01497,40.70638],[-74.01498,40.70631],[-74.015,40.70624]],[[-74.01119,40.70629],[-74.01187,40.70656]],[[-74.0011,40.70996],[-74.00034,40.70936],[-74.00018,40.70919],[-74.00008,40.70905],[-74.00007,40.70903],[-74.00002,40.70893]],[[-74.00321,40.71134],[-74.00328,40.71143],[-74.0033,40.71148],[-74.00332,40.71152],[-74.00332,40.71152],[-74.00332,40.71161],[-74.00331,40.71164],[-74.00329,40.71168],[-74.00324,40.71172]],[[-74.01316,40.71732],[-74.01311,40.71752]],[[-73.98634,40.72215],[-73.98629,40.72225]],[[-74.0091,40.72599],[-74.00897,40.72675]],[[-74.00146,40.70965],[-74.00135,40.70965]],[[-73.9932,40.72234],[-73.99326,40.72236],[-73.99333,40.72239]],[[-74.01029,40.71946],[-74.01018,40.72012]],[[-74.00799,40.72103],[-74.00799,40.72092]],[[-74.00799,40.72092],[-74.00799,40.72091],[-74.00798,40.72089],[-74.00798,40.72088],[-74.00798,40.72087],[-74.00798,40.72085],[-74.00799,40.72084],[-74.00799,40.72082],[-74.008,40.72081],[-74.00801,40.7208],[-74.00802,40.72079],[-74.00803,40.72077],[-74.00804,40.72076],[-74.00805,40.72075],[-74.00807,40.72074],[-74.00808,40.72074],[-74.0081,40.72073],[-74.00811,40.72072],[-74.00813,40.72072],[-74.00815,40.72071],[-74.00817,40.72071],[-74.00819,40.72071]],[[-74.00819,40.72071],[-74.00822,40.72071],[-74.00826,40.72071],[-74.00829,40.7207],[-74.00832,40.72069],[-74.00836,40.72068],[-74.00839,40.72067],[-74.00842,40.72065],[-74.00845,40.72064],[-74.00847,40.72062]],[[-73.99374,40.71237],[-73.99368,40.71237]],[[-73.99831,40.71113],[-73.99748,40.71126]],[[-74.00906,40.71089],[-74.0097,40.71119],[-74.01047,40.71154]],[[-74.01406,40.70909],[-74.01389,40.70951]],[[-74.00629,40.70424],[-74.00611,40.70436]],[[-73.99294,40.71991],[-73.99219,40.71969]],[[-74.00002,40.70799],[-73.99987,40.7082]],[[-74.00746,40.70723],[-74.00678,40.70673]],[[-74.01558,40.70771],[-74.01555,40.70762]],[[-74.01283,40.70242],[-74.01231,40.70269]],[[-74.0234,40.71269],[-74.02336,40.71295],[-74.02321,40.71374]],[[-73.98904,40.72162],[-73.98889,40.72202],[-73.98885,40.72212],[-73.98859,40.72283]],[[-74.00082,40.71694],[-74.00028,40.71763]],[[-74.00748,40.7239],[-74.00717,40.7243]],[[-74.00124,40.71006],[-74.0011,40.70996]],[[-73.99849,40.71564],[-73.99932,40.71593]],[[-74.01562,40.70722],[-74.01556,40.70722],[-74.01549,40.70721],[-74.01542,40.70721]],[[-74.01542,40.70721],[-74.01536,40.7072],[-74.01529,40.70718],[-74.01523,40.70717]],[[-73.99996,40.71803],[-73.99942,40.71869]],[[-73.98944,40.72309],[-73.98879,40.7229]],[[-74.00328,40.71129],[-74.00323,40.71125],[-74.00272,40.71084]],[[-74.01555,40.70762],[-74.01535,40.70733]],[[-74.01389,40.70951],[-74.01474,40.70984]],[[-73.99649,40.71021],[-73.99633,40.71023]],[[-74.01174,40.72163],[-74.01163,40.72232]],[[-74.00158,40.70963],[-74.00285,40.71062],[-74.00311,40.71075]],[[-74.00021,40.70884],[-74.00019,40.70874]],[[-74.00602,40.70791],[-74.00548,40.7074]],[[-74.00256,40.71619],[-74.00168,40.71575]],[[-74.00975,40.70478],[-74.00946,40.70454]],[[-74.00847,40.72062],[-74.00931,40.72069]],[[-74.01728,40.70353],[-74.01752,40.70351],[-74.01755,40.70362]],[[-74.00102,40.70965],[-74.00048,40.70923],[-74.00025,40.70905]],[[-73.99547,40.72163],[-73.99627,40.72196]],[[-73.9932,40.72234],[-73.99303,40.72281]],[[-74.00415,40.71775],[-74.00532,40.71828]],[[-74.02133,40.69945],[-74.02134,40.69974],[-74.02137,40.70002],[-74.02142,40.7003]],[[-74.02142,40.7003],[-74.02148,40.70058],[-74.02156,40.70086],[-74.02165,40.70114]],[[-74.01696,40.70907],[-74.0179,40.70937],[-74.01789,40.70948]],[[-74.00785,40.71174],[-74.00781,40.71172],[-74.00777,40.71171],[-74.00773,40.71169],[-74.00769,40.71168]],[[-74.00769,40.71168],[-74.00764,40.71168],[-74.0076,40.71167],[-74.00755,40.71167],[-74.00751,40.71168]],[[-73.99906,40.72005],[-73.99852,40.71979]],[[-74.00812,40.72263],[-74.00966,40.72279]],[[-73.99335,40.71169],[-73.99329,40.71169]],[[-74.00746,40.70723],[-74.00778,40.70743],[-74.00827,40.70773]],[[-73.98943,40.7262],[-73.9885,40.72581],[-73.98848,40.7258],[-73.98771,40.72548],[-73.98765,40.72545],[-73.98745,40.72537],[-73.98726,40.72529],[-73.98705,40.7252]],[[-74.02374,40.71069],[-74.02369,40.71053],[-74.02364,40.71038],[-74.02359,40.71022]],[[-74.02359,40.71022],[-74.02354,40.71006],[-74.0235,40.70991],[-74.02346,40.70975]],[[-74.00653,40.70824],[-74.00602,40.70791]],[[-74.01712,40.70747],[-74.01663,40.70814]],[[-73.99297,40.71172],[-73.99248,40.71083]],[[-74.01359,40.70798],[-74.01326,40.70874]],[[-74.00428,40.71141],[-74.00425,40.71143],[-74.00423,40.71144],[-74.0042,40.71145],[-74.00417,40.71146],[-74.00415,40.71147],[-74.00412,40.71147],[-74.00409,40.71148],[-74.00406,40.71148],[-74.00403,40.71148],[-74.004,40.71148],[-74.00397,40.71147],[-74.00394,40.71146]],[[-74.00394,40.71146],[-74.00387,40.71143],[-74.00364,40.71133],[-74.00344,40.71122],[-74.00338,40.71122]],[[-74.01619,40.70674],[-74.01605,40.70705]],[[-73.99427,40.7116],[-73.99427,40.7116],[-73.99422,40.71124],[-73.99414,40.71057]],[[-74.00918,40.72141],[-74.00992,40.72147]],[[-74.00901,40.70695],[-74.00745,40.70606]],[[-74.00991,40.72608],[-74.01086,40.72617]],[[-74.00373,40.71166],[-74.00388,40.71182]],[[-73.99772,40.71537],[-73.99699,40.71655]],[[-74.01369,40.71007],[-74.01446,40.7104],[-74.01457,40.71043]],[[-74.00482,40.71348],[-74.00631,40.71417]],[[-74.00406,40.71314],[-74.00482,40.71348]],[[-74.00631,40.71417],[-74.00794,40.71494]],[[-74.00794,40.71494],[-74.00924,40.71553]],[[-74.01334,40.71657],[-74.0143,40.717]],[[-74.01112,40.7156],[-74.01145,40.71575],[-74.01153,40.71579],[-74.01183,40.71593],[-74.01292,40.71641]],[[-74.00087,40.71171],[-74.00089,40.71301]],[[-74.01626,40.71706],[-74.0162,40.71717],[-74.01613,40.71728],[-74.01605,40.71739]],[[-74.01605,40.71739],[-74.01596,40.71749],[-74.01587,40.71759],[-74.01577,40.71768]],[[-74.01577,40.71768],[-74.01566,40.71777],[-74.01554,40.71786],[-74.01542,40.71794]],[[-74.01542,40.71794],[-74.01529,40.71801],[-74.01515,40.71808],[-74.015,40.71813]],[[-74.01644,40.71631],[-74.01644,40.71646],[-74.01642,40.71662],[-74.01638,40.71677],[-74.01633,40.71692],[-74.01626,40.71706]],[[-74.00159,40.7173],[-74.00082,40.71694]],[[-74.00236,40.7177],[-74.00159,40.7173]],[[-74.00305,40.71803],[-74.00242,40.71773]],[[-73.99395,40.71375],[-73.99414,40.71428]],[[-73.99414,40.71428],[-73.99455,40.71504],[-73.99427,40.71563]],[[-73.99333,40.72239],[-73.99315,40.72284]],[[-73.99228,40.72526],[-73.99304,40.72546]],[[-73.99213,40.72569],[-73.99186,40.72643]],[[-73.99265,40.72423],[-73.99239,40.72493]],[[-73.99333,40.72239],[-73.99415,40.72273]],[[-73.99256,40.72404],[-73.99223,40.72394],[-73.99201,40.72387],[-73.99139,40.72368],[-73.99131,40.72365],[-73.99105,40.72357]],[[-73.99239,40.72493],[-73.99233,40.72491],[-73.99227,40.72489]],[[-73.99206,40.72565],[-73.992,40.72563]],[[-73.99269,40.72408],[-73.99263,40.72407],[-73.99256,40.72404]],[[-73.99173,40.72637],[-73.98987,40.72559]],[[-74.00695,40.7117],[-74.00611,40.7119],[-74.00604,40.71191]],[[-73.99413,40.72665],[-73.99213,40.72569]],[[-73.99265,40.72423],[-73.99258,40.72421],[-73.99251,40.72418]],[[-74.00604,40.71191],[-74.00602,40.71186],[-74.00585,40.71169]],[[-74.00359,40.71105],[-74.00344,40.71118],[-74.00338,40.71122]],[[-73.9918,40.7264],[-73.99173,40.72637]],[[-74.00702,40.71179],[-74.00615,40.712],[-74.00607,40.71202]],[[-73.992,40.72563],[-73.99034,40.72494]],[[-73.99386,40.72097],[-73.9936,40.72166]],[[-73.99303,40.72281],[-73.99165,40.72241]],[[-73.99213,40.72569],[-73.99206,40.72565]],[[-73.99823,40.71325],[-73.99812,40.71318],[-73.99799,40.71274]],[[-74.00604,40.71191],[-74.00566,40.71193],[-74.00529,40.71201]],[[-73.99228,40.72526],[-73.99213,40.72569]],[[-73.99269,40.72408],[-73.99267,40.72417],[-73.99265,40.72423]],[[-74.00574,40.7121],[-74.00559,40.71218],[-74.00543,40.71221],[-74.00528,40.71226],[-74.00513,40.71232],[-74.00499,40.71238],[-74.00486,40.71246]],[[-73.992,40.72563],[-73.99173,40.72637]],[[-73.99256,40.72404],[-73.99253,40.72412],[-73.99251,40.72418]],[[-73.99303,40.72281],[-73.99256,40.72404]],[[-74.01215,40.709],[-74.01299,40.70936]],[[-73.9974,40.72146],[-73.99712,40.72231]],[[-73.99386,40.72097],[-73.99471,40.72132]],[[-74.00365,40.71142],[-74.00358,40.71137],[-74.00338,40.71122]],[[-73.99402,40.72023],[-73.99294,40.71991]],[[-74.00482,40.71348],[-74.0044,40.714]],[[-73.99404,40.72033],[-73.99395,40.72037],[-73.99286,40.72005]],[[-73.99251,40.72418],[-73.99227,40.72489]],[[-74.00676,40.72251],[-74.00671,40.72246],[-74.00667,40.72235],[-74.00667,40.72222],[-74.00669,40.72211],[-74.00672,40.72198],[-74.00675,40.7219],[-74.00686,40.72183]],[[-73.99227,40.72489],[-73.99163,40.72462]],[[-73.99273,40.7214],[-73.99246,40.72196]],[[-73.99186,40.72643],[-73.9918,40.7264]],[[-73.99346,40.72162],[-73.99273,40.7214]],[[-73.99404,40.72033],[-73.9941,40.72035],[-73.99497,40.72064]],[[-74.0025,40.70885],[-74.00215,40.70914],[-74.00167,40.70953]],[[-74.00324,40.71172],[-74.00322,40.71174],[-74.0032,40.71175],[-74.00317,40.71177],[-74.00315,40.71178],[-74.00312,40.71179],[-74.00309,40.71179]],[[-74.00309,40.71179],[-74.00306,40.7118],[-74.00303,40.7118],[-74.003,40.7118],[-74.00297,40.7118],[-74.00294,40.7118],[-74.00291,40.71179]],[[-74.00291,40.71179],[-74.00289,40.71178],[-74.00287,40.71178],[-74.00285,40.71177],[-74.00283,40.71176],[-74.00281,40.71175],[-74.00279,40.71174],[-74.00278,40.71172],[-74.00276,40.71171],[-74.00275,40.71169],[-74.00274,40.71168]],[[-74.00274,40.71168],[-74.00267,40.71156]],[[-74.0025,40.70885],[-74.0019,40.70828]],[[-74.02204,40.71275],[-74.02287,40.70783]],[[-74.00282,40.71202],[-74.00246,40.71158]],[[-74.00767,40.70429],[-74.00705,40.70376]],[[-74.00648,40.71124],[-74.00586,40.71066],[-74.0056,40.71041]],[[-74.00324,40.71172],[-74.0033,40.71182]],[[-74.0033,40.71182],[-74.0033,40.71184],[-74.00331,40.71186],[-74.00331,40.71188],[-74.00331,40.7119],[-74.00331,40.71192],[-74.0033,40.71194],[-74.0033,40.71196],[-74.00329,40.71198]],[[-74.00329,40.71198],[-74.00328,40.712],[-74.00326,40.71202],[-74.00325,40.71204],[-74.00323,40.71206],[-74.00321,40.71207],[-74.00319,40.71209],[-74.00317,40.7121],[-74.00315,40.71211]],[[-74.00315,40.71211],[-74.00311,40.71211],[-74.00308,40.71211],[-74.00304,40.71211],[-74.003,40.7121],[-74.00297,40.71209]],[[-74.00297,40.71209],[-74.00294,40.71208],[-74.00291,40.71207],[-74.00288,40.71206],[-74.00285,40.71204],[-74.00282,40.71202]],[[-74.00051,40.71099],[-74.00059,40.71107],[-74.00066,40.71115],[-74.00072,40.71124],[-74.00077,40.71133]],[[-74.00077,40.71133],[-74.00081,40.71142],[-74.00084,40.71151],[-74.00086,40.71161],[-74.00087,40.71171]],[[-74.00813,40.70468],[-74.00767,40.70429]],[[-74.01589,40.7078],[-74.01541,40.70912]],[[-74.00526,40.71201],[-74.00508,40.71193],[-74.00477,40.71175]],[[-74.00477,40.71175],[-74.00469,40.71173],[-74.0046,40.71171],[-74.00452,40.71169],[-74.00444,40.71169],[-74.00435,40.71168]],[[-74.00435,40.71168],[-74.00419,40.71168]],[[-74.01521,40.70984],[-74.01638,40.71009]],[[-74.01638,40.71009],[-74.01601,40.71102],[-74.01594,40.71119],[-74.01579,40.71158]],[[-74.01482,40.71118],[-74.0147,40.71173]],[[-74.0147,40.71173],[-74.0147,40.71177],[-74.01469,40.71181],[-74.0147,40.71185]],[[-74.0147,40.71185],[-74.0147,40.71186],[-74.0147,40.71188],[-74.0147,40.71189],[-74.0147,40.7119],[-74.0147,40.71192],[-74.0147,40.71193],[-74.01469,40.71194],[-74.01469,40.71196],[-74.01468,40.71197]],[[-74.01468,40.71197],[-74.01454,40.71254],[-74.01417,40.71371],[-74.0141,40.71385]],[[-74.01521,40.70984],[-74.01518,40.70992],[-74.01518,40.71012]],[[-74.01518,40.71012],[-74.01518,40.71016],[-74.01517,40.7102],[-74.01517,40.71024],[-74.01515,40.71028],[-74.01514,40.71032]],[[-74.01514,40.71032],[-74.01504,40.71064]],[[-74.01504,40.71064],[-74.01502,40.71069],[-74.015,40.71075],[-74.01496,40.7108]],[[-74.01496,40.7108],[-74.01495,40.71084],[-74.01493,40.71088],[-74.01491,40.71092]],[[-74.01471,40.71086],[-74.01465,40.7111]],[[-74.01541,40.70912],[-74.01521,40.70984]],[[-74.00419,40.71168],[-74.00408,40.71164],[-74.00398,40.7116]],[[-74.00398,40.7116],[-74.00392,40.71157],[-74.00387,40.71154],[-74.00383,40.71152]],[[-74.00383,40.71152],[-74.00365,40.71142]],[[-74.00393,40.71187],[-74.00409,40.71204],[-74.00413,40.7121],[-74.00415,40.71216]],[[-74.00415,40.71216],[-74.00415,40.71218],[-74.00415,40.7122],[-74.00415,40.71223],[-74.00415,40.71225],[-74.00414,40.71227],[-74.00413,40.71229],[-74.00412,40.71231],[-74.00411,40.71234],[-74.00409,40.71235],[-74.00407,40.71237],[-74.00405,40.71239]],[[-74.00405,40.71239],[-74.00399,40.71242],[-74.00395,40.71243]],[[-74.00395,40.71243],[-74.00393,40.71244],[-74.0039,40.71245],[-74.00387,40.71245],[-74.00384,40.71245],[-74.00381,40.71245],[-74.00378,40.71245],[-74.00375,40.71245]],[[-74.00375,40.71245],[-74.0037,40.71244]],[[-74.0037,40.71244],[-74.00367,40.71243],[-74.00365,40.71242],[-74.00363,40.7124],[-74.00361,40.71239],[-74.0036,40.71238],[-74.00358,40.71236],[-74.00357,40.71235],[-74.00356,40.71233],[-74.00355,40.71231],[-74.00354,40.71229],[-74.00353,40.71227],[-74.00353,40.71226],[-74.00353,40.71224],[-74.00353,40.71222],[-74.00353,40.7122],[-74.00354,40.71218],[-74.00355,40.71216],[-74.00355,40.71214],[-74.00357,40.71213],[-74.00358,40.71211]],[[-74.00358,40.71211],[-74.00362,40.71208],[-74.00366,40.71205],[-74.0037,40.71202]],[[-74.0037,40.71202],[-74.00375,40.71198],[-74.00383,40.7119]],[[-74.00002,40.70783],[-73.99996,40.70786],[-73.99952,40.70811]],[[-74.00226,40.70654],[-74.00182,40.70677],[-74.00139,40.707],[-74.00103,40.70719],[-74.0003,40.70757],[-74.00008,40.70769]],[[-74.00938,40.7022],[-74.00925,40.70228],[-74.00909,40.70238],[-74.00897,40.70245],[-74.00889,40.7025],[-74.00786,40.70312]],[[-74.00786,40.70312],[-74.00768,40.70323]],[[-73.99837,40.70868],[-73.99832,40.7087],[-73.99822,40.70874],[-73.998,40.70882],[-73.99778,40.70888],[-73.99755,40.70893],[-73.99732,40.70897],[-73.99709,40.709],[-73.99643,40.70908],[-73.99606,40.70913]],[[-74.0069,40.70362],[-74.00667,40.70376],[-74.00615,40.70408]],[[-73.99878,40.7084],[-73.99872,40.70844],[-73.99816,40.70867],[-73.99789,40.70875],[-73.99772,40.7088],[-73.99754,40.70884],[-73.99729,40.70888],[-73.99707,40.70891],[-73.99605,40.70906]],[[-73.99212,40.70957],[-73.99207,40.70958]],[[-73.99207,40.70958],[-73.99194,40.7096]],[[-73.99886,40.70846],[-73.99881,40.70849],[-73.99837,40.70868]],[[-73.99996,40.70776],[-73.99943,40.70804]],[[-74.0078,40.70307],[-74.00768,40.70314],[-74.00763,40.70317]],[[-73.99179,40.70974],[-73.99178,40.70974],[-73.9906,40.7099],[-73.99059,40.7099],[-73.98977,40.71002],[-73.98943,40.71006],[-73.98866,40.71015],[-73.98665,40.71039],[-73.98656,40.7104]],[[-73.99952,40.70811],[-73.99944,40.70814]],[[-73.98655,40.71032],[-73.98535,40.71045]],[[-74.00994,40.70191],[-74.0098,40.70195],[-74.00974,40.70197],[-74.00923,40.70221],[-74.009,40.70234],[-74.00882,40.70243],[-74.0078,40.70307]],[[-74.00622,40.70416],[-74.00619,40.70418],[-74.00601,40.7043],[-74.00533,40.70471],[-74.00528,40.70475],[-74.00468,40.70514]],[[-73.99201,40.7097],[-73.99186,40.70973]],[[-74.00574,40.7121],[-74.00544,40.71215]],[[-74.00544,40.71215],[-74.00539,40.71216],[-74.00533,40.71216],[-74.00527,40.71216]],[[-74.00527,40.71216],[-74.00521,40.71215],[-74.00515,40.71215],[-74.0051,40.71214]],[[-74.0051,40.71214],[-74.00504,40.71212],[-74.00499,40.71211],[-74.00494,40.71209],[-74.00489,40.71206],[-74.00484,40.71203]],[[-74.00484,40.71203],[-74.00484,40.71203],[-74.00465,40.71193]],[[-74.00465,40.71193],[-74.00461,40.71191],[-74.00456,40.71189],[-74.00451,40.71187],[-74.00446,40.71185],[-74.00441,40.71184],[-74.00435,40.71184],[-74.0043,40.71183],[-74.00424,40.71183],[-74.00419,40.71184]],[[-73.99186,40.70973],[-73.99179,40.70974]],[[-74.00066,40.70985],[-74.00012,40.70947],[-73.99928,40.70877]],[[-74.00008,40.70769],[-73.99996,40.70776]],[[-73.99398,40.70933],[-73.99365,40.70936],[-73.99355,40.70937]],[[-74.00321,40.71134],[-74.00303,40.71145]],[[-74.00763,40.70317],[-74.0069,40.70362]],[[-74.00468,40.70514],[-74.00468,40.70514],[-74.00465,40.70516],[-74.00463,40.70517],[-74.00378,40.70573],[-74.00315,40.7061],[-74.00307,40.70615]],[[-73.99194,40.7096],[-73.99186,40.70961],[-73.9918,40.70962]],[[-74.00407,40.70078],[-74.00419,40.70049]],[[-74.00275,40.70722],[-74.0017,40.70776]],[[-74.0038,40.70009],[-74.00383,40.70005],[-74.00387,40.70001],[-74.0039,40.69998]],[[-74.0039,40.69998],[-74.00393,40.69995],[-74.00397,40.69991],[-74.00401,40.69988]],[[-74.00402,40.70223],[-74.00383,40.70187]],[[-74.00408,40.69887],[-74.00427,40.69877],[-74.00447,40.69867],[-74.00466,40.69857]],[[-74.00466,40.69857],[-74.00486,40.69847],[-74.00505,40.69837],[-74.00525,40.69828]],[[-74.00361,40.70679],[-74.00275,40.70722]],[[-74.00456,40.70642],[-74.00372,40.70694]],[[-74.01535,40.70733],[-74.0154,40.70734],[-74.01546,40.70734],[-74.01552,40.70733]],[[-74.01552,40.70733],[-74.01558,40.70733],[-74.01564,40.70732],[-74.01569,40.70731]],[[-74.01491,40.70722],[-74.01498,40.70724],[-74.01505,40.70726],[-74.01512,40.70728]],[[-74.01512,40.70728],[-74.0152,40.7073],[-74.01527,40.70732],[-74.01535,40.70733]],[[-74.00401,40.69988],[-74.00422,40.69969]],[[-73.99103,40.72374],[-73.99024,40.72351]],[[-74.00531,40.72173],[-74.00531,40.72183]],[[-74.00402,40.70223],[-74.00369,40.70195]],[[-74.00521,40.72064],[-74.00525,40.72103]],[[-74.00531,40.72183],[-74.00535,40.7219],[-74.00538,40.72197],[-74.00539,40.72205],[-74.00539,40.72212],[-74.00537,40.72219]],[[-73.98879,40.7229],[-73.98864,40.72294]],[[-74.00705,40.71828],[-74.0071,40.71838],[-74.00694,40.71913]],[[-74.01484,40.71108],[-74.01492,40.71111]],[[-74.00506,40.72299],[-74.00479,40.72363]],[[-74.00458,40.72418],[-74.00453,40.72429],[-74.00429,40.72489],[-74.00409,40.72538],[-74.00403,40.72552]],[[-74.00403,40.72552],[-74.00385,40.72597],[-74.00373,40.72626]],[[-74.00408,40.70174],[-74.00405,40.70158],[-74.00403,40.70142],[-74.00403,40.70126]],[[-74.00403,40.70126],[-74.00403,40.7011],[-74.00404,40.70094],[-74.00407,40.70078]],[[-73.99804,40.71377],[-73.99802,40.71372],[-73.998,40.71369]],[[-74.00373,40.72626],[-74.00345,40.72697]],[[-74.00479,40.72363],[-74.00458,40.72418]],[[-73.98864,40.72294],[-73.9886,40.72301]],[[-73.99804,40.71377],[-73.99796,40.7138],[-73.99789,40.71384],[-73.99782,40.71388]],[[-73.99782,40.71388],[-73.99775,40.71392],[-73.99769,40.71397],[-73.99762,40.71402]],[[-73.99762,40.71402],[-73.99762,40.71403],[-73.99762,40.71403],[-73.99761,40.71404]],[[-73.99761,40.71404],[-73.99761,40.71404],[-73.9976,40.71405],[-73.9976,40.71405]],[[-73.9976,40.71405],[-73.99757,40.71409]],[[-74.00537,40.72219],[-74.00506,40.72299]],[[-73.99473,40.71422],[-73.99466,40.71423]],[[-73.99427,40.71563],[-73.99414,40.71589],[-73.9937,40.71676]],[[-74.00688,40.72169],[-74.00674,40.72159]],[[-73.99891,40.70987],[-73.99817,40.71004]],[[-74.01252,40.71715],[-74.0125,40.71722],[-74.01269,40.71731]],[[-73.99222,40.70975],[-73.99218,40.70968]],[[-74.01089,40.70446],[-74.01071,40.70415]],[[-73.98577,40.71773],[-73.98562,40.71768],[-73.98533,40.71759]],[[-73.98992,40.70639],[-73.98924,40.70516]],[[-73.99092,40.70737],[-73.99073,40.70702]],[[-74.00924,40.71553],[-74.00921,40.7162]],[[-74.02003,40.69809],[-74.02073,40.69834],[-74.02142,40.69863]],[[-74.01462,40.70615],[-74.01449,40.70612],[-74.01441,40.70624],[-74.01439,40.70622],[-74.0144,40.70611]],[[-73.99052,40.70747],[-73.99032,40.70711]],[[-73.99327,40.71241],[-73.99289,40.71173]],[[-74.015,40.70624],[-74.01491,40.70622]],[[-73.99757,40.71409],[-73.99761,40.7141],[-73.9977,40.71414],[-73.99777,40.71419],[-73.99783,40.71425],[-73.99789,40.71431],[-73.99812,40.71443],[-73.99812,40.71459],[-73.99804,40.71483]],[[-74.01179,40.71284],[-74.01255,40.71318]],[[-74.02142,40.69863],[-74.02152,40.69866],[-74.02162,40.6987],[-74.02172,40.69875]],[[-74.02172,40.69875],[-74.02181,40.6988],[-74.0219,40.69885],[-74.02199,40.69891]],[[-74.01311,40.71752],[-74.0133,40.71761],[-74.01331,40.7175],[-74.01333,40.7174]],[[-73.99218,40.70968],[-73.99215,40.70963],[-73.99212,40.70957]],[[-74.00157,40.71369],[-74.00097,40.71391],[-74.00075,40.71452]],[[-74.01168,40.71279],[-74.01179,40.71284]],[[-74.0148,40.70619],[-74.01462,40.70615]],[[-74.01296,40.71744],[-74.01311,40.71752]],[[-74.00422,40.70166],[-74.00418,40.70152],[-74.00414,40.70137],[-74.00411,40.70123]],[[-74.00411,40.70123],[-74.00409,40.70108],[-74.00408,40.70093],[-74.00407,40.70078]],[[-74.01579,40.70771],[-74.01567,40.70771],[-74.01558,40.70771]],[[-74.01035,40.69823],[-74.0103,40.69835],[-74.01027,40.69847],[-74.01024,40.6986]],[[-74.01024,40.6986],[-74.01023,40.69872],[-74.01024,40.69885],[-74.01026,40.69898]],[[-74.00713,40.72186],[-74.00712,40.72178],[-74.00699,40.72177],[-74.00699,40.72177],[-74.00688,40.72169]],[[-74.01126,40.70752],[-74.01187,40.70656]],[[-74.00486,40.71246],[-74.00477,40.71239],[-74.0046,40.71226],[-74.00427,40.712]],[[-74.01255,40.71318],[-74.01309,40.71342],[-74.01373,40.71369]],[[-73.99406,40.71307],[-73.99368,40.71237]],[[-74.01012,40.71209],[-74.01168,40.71279]],[[-73.99368,40.71237],[-73.99329,40.71169]],[[-74.01482,40.71118],[-74.01509,40.7113],[-74.01579,40.71158]],[[-74.00388,40.71182],[-74.00384,40.71184],[-74.00376,40.71187],[-74.00359,40.71194]],[[-74.01465,40.7111],[-74.01482,40.71118]],[[-74.01508,40.70626],[-74.015,40.70624]],[[-74.0124,40.71089],[-74.01219,40.71156],[-74.012,40.71204]],[[-73.99444,40.71371],[-73.99406,40.71307]],[[-74.01151,40.70297],[-74.01117,40.70179]],[[-74.00479,40.72363],[-74.00438,40.72406]],[[-74.01514,40.70627],[-74.01508,40.70632]],[[-73.99032,40.70711],[-73.98992,40.70639]],[[-74.00674,40.72159],[-74.00669,40.72155],[-74.00655,40.72169]],[[-74.012,40.71204],[-74.01192,40.71238]],[[-74.00394,40.71181],[-74.00388,40.71182]],[[-74.00359,40.71194],[-74.00309,40.71227],[-74.00291,40.71238],[-74.00283,40.71244],[-74.00276,40.71249],[-74.00266,40.71256],[-74.00227,40.7127],[-74.00089,40.71301]],[[-74.01269,40.71731],[-74.01282,40.71736],[-74.01296,40.71744]],[[-74.0117,40.70776],[-74.01126,40.70752]],[[-73.99404,40.71375],[-73.99367,40.7131]],[[-74.01123,40.71038],[-74.0124,40.71089]],[[-74.01558,40.70771],[-74.01552,40.70771]],[[-74.00419,40.71168],[-74.00408,40.71175]],[[-73.99432,40.71426],[-73.99404,40.71375]],[[-73.99891,40.70987],[-73.99959,40.70983]],[[-73.99959,40.70983],[-73.99962,40.70982],[-73.99965,40.70982],[-73.99968,40.70981],[-73.99971,40.70981],[-73.99973,40.7098],[-73.99976,40.70979],[-73.99978,40.70977]],[[-73.99978,40.70977],[-74.00012,40.70947]],[[-74.01843,40.69819],[-74.01942,40.69847],[-74.0204,40.69879],[-74.02135,40.69916]],[[-74.00655,40.72169],[-74.00643,40.72181]],[[-74.01492,40.71111],[-74.015,40.71096],[-74.01512,40.71099],[-74.01517,40.7109]],[[-74.01517,40.7109],[-74.01517,40.7109],[-74.01517,40.7109],[-74.01517,40.7109],[-74.01517,40.7109],[-74.01517,40.71089],[-74.01517,40.71089],[-74.01517,40.71089],[-74.01517,40.71089],[-74.01517,40.71089],[-74.01517,40.71089],[-74.01517,40.71089],[-74.01517,40.71089],[-74.01517,40.71089],[-74.01517,40.71089],[-74.01517,40.71089],[-74.01517,40.71089],[-74.01516,40.71089],[-74.01516,40.71089],[-74.01516,40.71089],[-74.01516,40.71089],[-74.01516,40.71089],[-74.01516,40.71089],[-74.01516,40.71089],[-74.01516,40.71089],[-74.01516,40.71089],[-74.01516,40.71089],[-74.01515,40.71089],[-74.01515,40.71089],[-74.01515,40.71089],[-74.01515,40.71089],[-74.01515,40.71089]],[[-74.01515,40.71089],[-74.01511,40.71097],[-74.01491,40.71092]],[[-73.99184,40.70983],[-73.99179,40.70974]],[[-73.99179,40.70974],[-73.99176,40.70968],[-73.99173,40.70963]],[[-74.00108,40.70985],[-74.00103,40.70971],[-74.00102,40.70965]],[[-74.01899,40.69805],[-74.01981,40.6983],[-74.02061,40.69858],[-74.02138,40.6989]],[[-74.02138,40.6989],[-74.02146,40.69892],[-74.02153,40.69894],[-74.02159,40.69897]],[[-74.02159,40.69897],[-74.02165,40.69901],[-74.02171,40.69905],[-74.02176,40.69909]],[[-74.0011,40.70996],[-74.00108,40.70985]],[[-74.01621,40.70755],[-74.01615,40.70771],[-74.01609,40.70771]],[[-73.98659,40.71801],[-73.98618,40.71787],[-73.98577,40.71773]],[[-73.99675,40.71503],[-73.99666,40.715],[-73.99651,40.71526],[-73.99624,40.71562]],[[-73.99624,40.71562],[-73.99623,40.71563],[-73.99622,40.71564],[-73.99621,40.71565],[-73.99619,40.71565],[-73.99618,40.71566],[-73.99616,40.71566],[-73.99615,40.71567],[-73.99613,40.71567],[-73.99612,40.71567],[-73.9961,40.71567],[-73.99609,40.71567],[-73.99607,40.71567],[-73.99605,40.71567],[-73.99604,40.71567],[-73.99602,40.71566],[-73.99601,40.71566],[-73.996,40.71565],[-73.99598,40.71565],[-73.99597,40.71564],[-73.99596,40.71563],[-73.99595,40.71562],[-73.99594,40.71561]],[[-73.99594,40.71561],[-73.99578,40.71547],[-73.99575,40.71544],[-73.99506,40.71482],[-73.99478,40.71432],[-73.99473,40.71422]],[[-73.99073,40.70702],[-73.99032,40.70629]],[[-74.01593,40.70771],[-74.01579,40.70771]],[[-73.99427,40.71563],[-73.99446,40.7156],[-73.99471,40.71568],[-73.99477,40.71566],[-73.99477,40.71559],[-73.99475,40.71535],[-73.99471,40.71525],[-73.99469,40.71517],[-73.99469,40.71507],[-73.99454,40.71477],[-73.99454,40.71467],[-73.99442,40.71444],[-73.99432,40.71426]],[[-73.99289,40.71173],[-73.99242,40.71084]],[[-74.01192,40.71238],[-74.01173,40.71267],[-74.01168,40.71279]],[[-74.00089,40.71301],[-74.00089,40.71304],[-74.0009,40.71306]],[[-74.01609,40.70771],[-74.01593,40.70771]],[[-73.99367,40.7131],[-73.99327,40.71241]],[[-74.00408,40.71175],[-74.00401,40.71178]],[[-74.01187,40.70656],[-74.0124,40.70679],[-74.01251,40.70678]],[[-73.99208,40.71024],[-73.99195,40.71002],[-73.99184,40.70983]],[[-73.99404,40.72033],[-73.99402,40.72023]],[[-74.01256,40.71704],[-74.01252,40.71715]],[[-74.01552,40.70771],[-74.01528,40.70771],[-74.01503,40.70762],[-74.0147,40.70741]],[[-74.01491,40.71092],[-74.01471,40.71086]],[[-73.99279,40.71077],[-73.99222,40.70975]],[[-73.99473,40.71422],[-73.99444,40.71371]],[[-74.00401,40.71178],[-74.00394,40.71181]],[[-74.00291,40.71308],[-74.00126,40.71351]],[[-73.98876,40.71469],[-73.9887,40.71419]],[[-73.99032,40.70629],[-73.9897,40.70517]],[[-74.01514,40.70627],[-74.01513,40.70621],[-74.01508,40.70626]],[[-74.00585,40.71169],[-74.00545,40.71131],[-74.00533,40.7112],[-74.00509,40.71099]],[[-74.01448,40.71078],[-74.0142,40.71069]],[[-74.01508,40.70632],[-74.01508,40.70626]],[[-73.99329,40.71169],[-73.99279,40.71077]],[[-74.00447,40.71153],[-74.00419,40.71168]],[[-74.01443,40.71098],[-74.01455,40.71105],[-74.01465,40.7111]],[[-73.99242,40.71084],[-73.99208,40.71024]],[[-74.01491,40.70622],[-74.0148,40.70619]],[[-74.01424,40.71089],[-74.01443,40.71098]],[[-74.0142,40.71069],[-74.01406,40.71064],[-74.01402,40.71068],[-74.01405,40.7107],[-74.01426,40.7108],[-74.01424,40.71089]],[[-73.99407,40.71374],[-73.99404,40.71375]],[[-74.00969,40.71496],[-74.00924,40.71553]],[[-74.01471,40.71086],[-74.01461,40.71082],[-74.01448,40.71078]],[[-74.00377,40.72239],[-74.00297,40.722]],[[-73.98634,40.72215],[-73.98592,40.72202],[-73.98556,40.72192]],[[-74.0036,40.71365],[-74.0031,40.71397]],[[-73.98672,40.71596],[-73.98681,40.71582],[-73.98689,40.71567],[-73.98696,40.71553]],[[-73.98696,40.71553],[-73.98702,40.71538],[-73.98707,40.71523],[-73.98711,40.71507]],[[-73.98711,40.71507],[-73.98714,40.71495]],[[-73.98714,40.71495],[-73.98715,40.71486],[-73.98715,40.71476],[-73.98716,40.71467]],[[-73.98716,40.71467],[-73.98716,40.71457],[-73.98715,40.71448],[-73.98715,40.71438]],[[-73.98715,40.71438],[-73.98717,40.71432]],[[-73.99165,40.72241],[-73.99117,40.72335],[-73.99105,40.72357]],[[-73.9926,40.71512],[-73.99201,40.71624]],[[-73.99421,40.71374],[-73.99407,40.71374]],[[-73.98577,40.71773],[-73.98583,40.71761]],[[-73.98625,40.72232],[-73.98575,40.72302]],[[-73.98719,40.7224],[-73.98704,40.72236],[-73.98634,40.72215]],[[-74.00099,40.71794],[-74.00053,40.71844]],[[-73.9929,40.71457],[-73.9926,40.71512]],[[-74.00659,40.71887],[-74.00643,40.71909]],[[-73.9982,40.72107],[-73.99776,40.72158]],[[-74.00755,40.71544],[-74.0071,40.71601]],[[-74.00519,40.71985],[-74.00521,40.72064]],[[-73.98923,40.72169],[-73.98909,40.72208],[-73.98905,40.72218],[-73.98879,40.7229]],[[-74.00281,40.71589],[-74.00256,40.71619]],[[-74.00767,40.7252],[-74.00757,40.72577]],[[-73.99272,40.71385],[-73.99271,40.71377],[-73.99262,40.71318]],[[-73.98943,40.7262],[-73.98899,40.72679]],[[-73.9973,40.71933],[-73.99648,40.71906]],[[-73.99254,40.71247],[-73.99252,40.71234],[-73.99251,40.71226],[-73.99249,40.71205],[-73.99248,40.71195],[-73.99246,40.71176]],[[-73.98587,40.7157],[-73.98544,40.71558],[-73.98501,40.71545]],[[-73.99437,40.71372],[-73.99421,40.71374]],[[-74.00625,40.71708],[-74.00578,40.71768]],[[-73.99444,40.71371],[-73.99437,40.71372]],[[-73.9957,40.71878],[-73.99481,40.71847]],[[-73.99455,40.71369],[-73.99444,40.71371]],[[-74.00066,40.72085],[-73.99987,40.72044]],[[-73.991,40.72402],[-73.99082,40.72428]],[[-73.99404,40.71375],[-73.99395,40.71375]],[[-73.99294,40.71991],[-73.9929,40.71998],[-73.99286,40.72005]],[[-74.00838,40.7166],[-74.00796,40.71713]],[[-73.99336,40.71908],[-73.99294,40.71991]],[[-73.98575,40.72302],[-73.9857,40.7231],[-73.98529,40.72366]],[[-74.00794,40.71494],[-74.00774,40.71519],[-74.00755,40.71544]],[[-74.00614,40.71945],[-74.00594,40.7197]],[[-74.00594,40.7197],[-74.00566,40.72007]],[[-74.00705,40.71828],[-74.00578,40.71768]],[[-74.00875,40.71904],[-74.00711,40.7183],[-74.00705,40.71828]],[[-74.01225,40.70124],[-74.01164,40.70138],[-74.01114,40.7015],[-74.01108,40.70149],[-74.01023,40.70169],[-74.00918,40.70199],[-74.00772,40.70288],[-74.00767,40.70296],[-74.00764,40.70301],[-74.0076,40.70308],[-74.00757,40.70311]],[[-74.01235,40.70122],[-74.01225,40.70124]],[[-73.99929,40.70802],[-73.99922,40.70806]],[[-74.00405,40.70521],[-74.00406,40.70516]],[[-74.00329,40.70584],[-74.00296,40.70604]],[[-74.00589,40.70415],[-74.00577,40.70415],[-74.0055,40.70432],[-74.00543,40.70432],[-74.00522,40.70445],[-74.00519,40.70451],[-74.00467,40.70487],[-74.00442,40.70503],[-74.00402,40.70528],[-74.00393,40.70539],[-74.00364,40.70557],[-74.00351,40.70565],[-74.00328,40.70581],[-74.00328,40.70583]],[[-74.00684,40.70356],[-74.00672,40.70364],[-74.0065,40.70378],[-74.00622,40.70395]],[[-74.00757,40.70311],[-74.00684,40.70356]],[[-73.9986,40.70835],[-73.99835,40.70847],[-73.99817,40.70854],[-73.99783,40.70864],[-73.99729,40.70878],[-73.99672,40.70888],[-73.99603,40.70898]],[[-74.013,40.70052],[-74.01303,40.7008]],[[-74.01303,40.7008],[-74.01303,40.70083],[-74.01302,40.70085],[-74.01301,40.70088],[-74.013,40.7009],[-74.01298,40.70092],[-74.01297,40.70095],[-74.01295,40.70097],[-74.01293,40.70099],[-74.0129,40.70101],[-74.01288,40.70102],[-74.01285,40.70104],[-74.01282,40.70105],[-74.01279,40.70106],[-74.01276,40.70107],[-74.01272,40.70107]],[[-74.01272,40.70107],[-74.01272,40.70107],[-74.01271,40.70108],[-74.0127,40.70108],[-74.0127,40.70108],[-74.01269,40.70108],[-74.01269,40.70109],[-74.01268,40.70109],[-74.01268,40.70109],[-74.01267,40.7011],[-74.01267,40.7011],[-74.01267,40.70111],[-74.01266,40.70111],[-74.01266,40.70112]],[[-74.01266,40.70112],[-74.01266,40.70112],[-74.01266,40.70113],[-74.01265,40.70113],[-74.01265,40.70114],[-74.01265,40.70114],[-74.01264,40.70115],[-74.01264,40.70115],[-74.01263,40.70115],[-74.01263,40.70116],[-74.01262,40.70116],[-74.01261,40.70116]],[[-74.01261,40.70116],[-74.01235,40.70122]],[[-74.01209,40.7016],[-74.01117,40.70179]],[[-74.01593,40.70771],[-74.01589,40.7078]],[[-73.9945,40.71424],[-73.99435,40.71426]],[[-74.01457,40.71043],[-74.01448,40.71078]],[[-73.99466,40.71423],[-73.9945,40.71424]],[[-74.01443,40.71098],[-74.01428,40.71151],[-74.0142,40.7119],[-74.01407,40.71245],[-74.01375,40.71362],[-74.01373,40.71369]],[[-74.01448,40.71078],[-74.01443,40.71098]],[[-73.9871,40.72256],[-73.98697,40.72252],[-73.98625,40.72232]],[[-73.99695,40.71208],[-73.9969,40.71187],[-73.99688,40.71178],[-73.99684,40.71162],[-73.99682,40.71153],[-73.99678,40.71135]],[[-73.99678,40.71135],[-73.99673,40.71118],[-73.99649,40.71021]],[[-74.00584,40.72109],[-74.00525,40.72103]],[[-74.00525,40.72103],[-74.00531,40.72173]],[[-73.98788,40.71742],[-73.98752,40.71806],[-73.98744,40.71822]],[[-73.98663,40.71794],[-73.98659,40.71801]],[[-73.98659,40.71801],[-73.98652,40.71812]],[[-74.0166,40.71207],[-74.01661,40.71206],[-74.01661,40.71204],[-74.01661,40.71203],[-74.01661,40.71201],[-74.0166,40.71199],[-74.01659,40.71198],[-74.01659,40.71196],[-74.01658,40.71195],[-74.01656,40.71193],[-74.01655,40.71192],[-74.01654,40.71191]],[[-74.01654,40.71191],[-74.01579,40.71158]],[[-74.00809,40.70313],[-74.00796,40.70321]],[[-73.98817,40.71862],[-73.98754,40.71984]],[[-73.98867,40.71766],[-73.98825,40.71847]],[[-73.98657,40.71048],[-73.98627,40.71052],[-73.98613,40.71053]],[[-74.00622,40.70395],[-74.0061,40.70403]],[[-73.99178,40.70958],[-73.99177,40.70956]],[[-73.99192,40.70956],[-73.99191,40.70953]],[[-74.00615,40.70408],[-74.0061,40.70403]],[[-73.99178,40.70958],[-73.99171,40.7096]],[[-73.99207,40.70958],[-73.99205,40.70954]],[[-73.99956,40.70824],[-73.9995,40.70829]],[[-73.9918,40.70962],[-73.99178,40.70958]],[[-74.00333,40.71125],[-74.00328,40.71129]],[[-74.003,40.70609],[-74.00296,40.70604]],[[-74.00135,40.70965],[-74.00123,40.70967]],[[-73.99603,40.70898],[-73.99574,40.70902],[-73.99544,40.70906],[-73.99515,40.7091]],[[-73.99515,40.7091],[-73.99486,40.70915],[-73.99457,40.7092],[-73.99428,40.70925]],[[-73.99428,40.70925],[-73.99397,40.70927]],[[-73.99173,40.70963],[-73.99171,40.7096]],[[-73.9921,40.70953],[-73.99205,40.70954]],[[-74.00001,40.70861],[-74.00019,40.70865]],[[-73.99171,40.7096],[-73.99161,40.7096],[-73.99105,40.70969],[-73.99063,40.70974],[-73.99011,40.70982],[-73.99011,40.70982],[-73.98975,40.70987],[-73.98937,40.70993],[-73.98907,40.70996],[-73.98894,40.70997],[-73.98873,40.71001],[-73.98843,40.71005],[-73.98797,40.71011],[-73.9871,40.71022],[-73.98661,40.71028]],[[-73.9921,40.70953],[-73.99209,40.70952]],[[-73.99194,40.7096],[-73.99192,40.70956]],[[-73.99192,40.70956],[-73.99178,40.70958]],[[-73.99205,40.70954],[-73.99192,40.70956]],[[-73.99212,40.70957],[-73.9921,40.70953]],[[-73.99981,40.70845],[-73.99987,40.70858]],[[-73.9994,40.70811],[-73.9993,40.70812]],[[-73.99171,40.7096],[-73.9917,40.70957]],[[-74.00296,40.70604],[-74.00264,40.70623],[-74.00215,40.70651],[-74.00203,40.70658],[-74.00112,40.70702],[-74.00101,40.70709]],[[-74.00101,40.70709],[-74.00099,40.70709],[-74.00098,40.70709],[-74.00096,40.7071],[-74.00095,40.70711],[-74.00094,40.70711],[-74.00092,40.70712]],[[-74.00092,40.70712],[-74.00072,40.70722],[-74.00047,40.70735],[-74.00025,40.70746],[-74.00016,40.70752],[-74.00009,40.70758],[-74.00002,40.70764],[-73.9999,40.70769]],[[-74.00019,40.70874],[-74.00019,40.70865]],[[-73.99397,40.70927],[-73.99376,40.70928],[-73.99339,40.70932],[-73.9929,40.70939],[-73.99219,40.70951],[-73.9921,40.70953]],[[-74.00401,40.71186],[-74.00397,40.71183],[-74.00394,40.71181]],[[-73.99205,40.70954],[-73.99204,40.70953]],[[-74.00542,40.71524],[-74.00498,40.71577]],[[-74.00999,40.70516],[-74.01,40.70534],[-74.00987,40.7058]],[[-74.01273,40.71712],[-74.01287,40.71718],[-74.01304,40.71726]],[[-74.01304,40.71726],[-74.01316,40.71732]],[[-74.01097,40.71631],[-74.01163,40.71661],[-74.01256,40.71704]],[[-74.01256,40.71704],[-74.01273,40.71712]],[[-74.01673,40.70649],[-74.0166,40.70684],[-74.01646,40.7072]],[[-74.017,40.70581],[-74.01673,40.70649]],[[-74.00987,40.7058],[-74.0095,40.70639]],[[-74.01734,40.7049],[-74.01721,40.70525],[-74.017,40.70581]],[[-73.99956,40.71393],[-73.99945,40.71388],[-73.99863,40.71352]],[[-74.01169,40.7097],[-74.01175,40.70974],[-74.01267,40.71016]],[[-74.01304,40.71726],[-74.01296,40.71744]],[[-73.99853,40.71345],[-73.99823,40.71325]],[[-73.99988,40.71409],[-73.99994,40.71401],[-73.99986,40.71381]],[[-73.99986,40.71381],[-73.99986,40.7138],[-73.99986,40.71379],[-73.99985,40.71379],[-73.99985,40.71378],[-73.99984,40.71378],[-73.99983,40.71377],[-73.99983,40.71377],[-73.99982,40.71377],[-73.99981,40.71376],[-73.9998,40.71376],[-73.9998,40.71376],[-73.99979,40.71376],[-73.99978,40.71376],[-73.99977,40.71376],[-73.99976,40.71376],[-73.99975,40.71376]],[[-73.99975,40.71376],[-73.99951,40.71381],[-73.99945,40.71388]],[[-73.99842,40.7135],[-73.998,40.71369]],[[-74.00467,40.69937],[-74.00476,40.69919],[-74.00485,40.699],[-74.00494,40.69882]],[[-74.00494,40.69882],[-74.00504,40.69864],[-74.00514,40.69846],[-74.00525,40.69828]],[[-73.99777,40.71198],[-73.99775,40.71185],[-73.99771,40.71173],[-73.99767,40.71161]],[[-73.99767,40.71161],[-73.99762,40.71149],[-73.99755,40.71137],[-73.99748,40.71126]],[[-74.01353,40.71527],[-74.01369,40.7153],[-74.01369,40.7153]],[[-74.02354,40.71389],[-74.02376,40.71391]],[[-74.00422,40.69969],[-74.00429,40.69963],[-74.00436,40.69958],[-74.00444,40.69953]],[[-74.00444,40.69953],[-74.00452,40.69947],[-74.00459,40.69942],[-74.00467,40.69937]],[[-74.00434,40.7003],[-74.00435,40.70023],[-74.00436,40.70016],[-74.00438,40.70008]],[[-74.00438,40.70008],[-74.0044,40.70001],[-74.00442,40.69994],[-74.00445,40.69987]],[[-74.02176,40.69909],[-74.02413,40.70064]],[[-73.99209,40.70952],[-73.99151,40.70845],[-73.99092,40.70737]],[[-74.00653,40.70349],[-74.00632,40.70347]],[[-74.0242,40.70038],[-74.02445,40.69915]],[[-74.01725,40.70285],[-74.01744,40.70273],[-74.01764,40.70261],[-74.01785,40.70251]],[[-74.01785,40.70251],[-74.01807,40.70241],[-74.01829,40.70233],[-74.01853,40.70226]],[[-74.01853,40.70226],[-74.0199,40.70177]],[[-73.99163,40.72462],[-73.9914,40.72508]],[[-74.02356,40.71379],[-74.0237,40.71301],[-74.02377,40.71258]],[[-74.02454,40.70144],[-74.02452,40.70152],[-74.0245,40.70159],[-74.02447,40.70167]],[[-74.02447,40.70167],[-74.02445,40.70174],[-74.02442,40.70182],[-74.02438,40.70189]],[[-73.9918,40.70962],[-73.99173,40.70963]],[[-74.00012,40.7079],[-74.00002,40.70783]],[[-73.99958,40.7118],[-73.99906,40.71152],[-73.99901,40.71126]],[[-74.00609,40.70296],[-74.00597,40.70265],[-74.00506,40.70185]],[[-74.00506,40.70185],[-74.00499,40.70179],[-74.00491,40.70172],[-74.00484,40.70164]],[[-74.00484,40.70164],[-74.00478,40.70157],[-74.00472,40.70149],[-74.00466,40.70141]],[[-73.99218,40.70968],[-73.99213,40.70969]],[[-74.02105,40.7254],[-74.02105,40.72493],[-74.02106,40.72447],[-74.02107,40.724]],[[-74.02107,40.724],[-74.02181,40.72026],[-74.0229,40.71421]],[[-74.0229,40.71421],[-74.02293,40.71417],[-74.02297,40.71414],[-74.02301,40.71411]],[[-74.02301,40.71411],[-74.02305,40.71408],[-74.0231,40.71405],[-74.02315,40.71403]],[[-73.99444,40.71443],[-73.99435,40.71426]],[[-74.02413,40.70064],[-74.0242,40.70038]],[[-74.0061,40.70403],[-74.00593,40.70414],[-74.00589,40.70415]],[[-74.02133,40.69945],[-74.02333,40.70076]],[[-73.99398,40.7093],[-73.99397,40.70927]],[[-73.99398,40.70933],[-73.99398,40.7093]],[[-74.01117,40.70179],[-74.01001,40.70207]],[[-74.02275,40.71367],[-74.02272,40.71378]],[[-73.99502,40.71588],[-73.99501,40.71594],[-73.99495,40.7161],[-73.99487,40.71619]],[[-74.00622,40.70416],[-74.00619,40.70412],[-74.00615,40.70408]],[[-74.01674,40.70412],[-74.01666,40.70409]],[[-74.01666,40.70409],[-74.01664,40.70406],[-74.01662,40.70404],[-74.0166,40.70401]],[[-74.0166,40.70401],[-74.01659,40.70399],[-74.01658,40.70396],[-74.01657,40.70393]],[[-73.99605,40.70906],[-73.99603,40.70901]],[[-74.00445,40.69987],[-74.00466,40.69969],[-74.00487,40.69952],[-74.00509,40.69935]],[[-74.00509,40.69935],[-74.00546,40.69909],[-74.00585,40.69885],[-74.00625,40.69862]],[[-74.00625,40.69862],[-74.00662,40.69847],[-74.00699,40.69833],[-74.00736,40.6982]],[[-74.00736,40.6982],[-74.00775,40.69807]],[[-74.01538,40.71584],[-74.0161,40.71616],[-74.01644,40.71631]],[[-74.01578,40.70774],[-74.01589,40.7078]],[[-73.99051,40.70707],[-73.99039,40.7071]],[[-74.02272,40.71378],[-74.02261,40.71415],[-74.02152,40.72023],[-74.02056,40.72534]],[[-73.99938,40.70819],[-73.99886,40.70846]],[[-74.00311,40.70768],[-74.00205,40.70821]],[[-73.99627,40.70555],[-73.99621,40.70559]],[[-74.01694,40.70482],[-74.01687,40.70501],[-74.01681,40.70515]],[[-74.01545,40.70449],[-74.01543,40.70462]],[[-74.00615,40.70408],[-74.00524,40.70467],[-74.00516,40.70472],[-74.00463,40.70507]],[[-74.02438,40.70189],[-74.02389,40.70459],[-74.02318,40.70882]],[[-73.99843,40.71096],[-73.99832,40.71056]],[[-74.01705,40.70484],[-74.0167,40.70574],[-74.01643,40.70649]],[[-73.9999,40.70769],[-73.99985,40.70771],[-73.99946,40.70793],[-73.99935,40.70799]],[[-73.9917,40.70957],[-73.99111,40.70853],[-73.99052,40.70747]],[[-74.01344,40.71444],[-74.01326,40.71507],[-74.01322,40.71522]],[[-73.99944,40.70814],[-73.99938,40.70819]],[[-73.99943,40.70804],[-73.99936,40.70808]],[[-74.02319,40.71384],[-74.02315,40.71403]],[[-74.01676,40.70481],[-74.01676,40.70475],[-74.01677,40.70464]],[[-74.01577,40.70243],[-74.01559,40.70359]],[[-74.02408,40.70096],[-74.02416,40.70104],[-74.02424,40.70111],[-74.02432,40.70119]],[[-74.02432,40.70119],[-74.0244,40.70128],[-74.02447,40.70136],[-74.02454,40.70144]],[[-74.02199,40.69891],[-74.02195,40.69894],[-74.02191,40.69897],[-74.02188,40.699]],[[-74.02188,40.699],[-74.02184,40.69903],[-74.0218,40.69906],[-74.02176,40.69909]],[[-73.99922,40.70806],[-73.99912,40.70811],[-73.99892,40.7082],[-73.9986,40.70835]],[[-74.01738,40.71495],[-74.01798,40.71503]],[[-74.02356,40.71379],[-74.02378,40.71381]],[[-74.01712,40.69816],[-74.01821,40.69841]],[[-74.01821,40.69841],[-74.01927,40.69871],[-74.02032,40.69906],[-74.02133,40.69945]],[[-74.01229,40.71905],[-74.01218,40.71953],[-74.01201,40.72031]],[[-74.01624,40.70644],[-74.0163,40.70609],[-74.01643,40.70577],[-74.01644,40.70574],[-74.01647,40.70569]],[[-74.01112,40.70162],[-74.01096,40.70166],[-74.0109,40.70168],[-74.00994,40.70191]],[[-74.01578,40.70774],[-74.01576,40.70781],[-74.01568,40.70801],[-74.01565,40.7081],[-74.01557,40.70831],[-74.01548,40.70854],[-74.0153,40.70905]],[[-73.99603,40.70901],[-73.99603,40.70898]],[[-74.0041,40.70021],[-74.00416,40.70015],[-74.00422,40.70009],[-74.00427,40.70004]],[[-74.00427,40.70004],[-74.00433,40.69998],[-74.00439,40.69993],[-74.00445,40.69987]],[[-74.01414,40.70126],[-74.01375,40.70121]],[[-74.01664,40.70464],[-74.0164,40.70463]],[[-74.00653,40.70349],[-74.00609,40.7031]],[[-73.99073,40.70702],[-73.99063,40.70704]],[[-74.02272,40.71378],[-74.02319,40.71384]],[[-73.99032,40.70711],[-73.98996,40.70722],[-73.98959,40.70733],[-73.98922,40.70743]],[[-73.98922,40.70743],[-73.98885,40.70752],[-73.98847,40.7076],[-73.98809,40.70768]],[[-73.98809,40.70768],[-73.98784,40.70772],[-73.98758,40.70775],[-73.98732,40.70778]],[[-73.98732,40.70778],[-73.98706,40.70781],[-73.9868,40.70784],[-73.98654,40.70785]],[[-73.98654,40.70785],[-73.98617,40.70788],[-73.9858,40.70789],[-73.98543,40.70791]],[[-73.98543,40.70791],[-73.98505,40.70792]],[[-73.99532,40.71569],[-73.99527,40.71559]],[[-73.9993,40.70812],[-73.99922,40.70806]],[[-74.01559,40.70359],[-74.01545,40.70449]],[[-74.00046,40.71437],[-74.00022,40.71426],[-73.99988,40.71409],[-73.99956,40.71393]],[[-73.99489,40.71571],[-73.99487,40.71564]],[[-73.99875,40.71112],[-73.99843,40.71096]],[[-74.02275,40.71367],[-74.02321,40.71374]],[[-74.02199,40.69891],[-74.0242,40.70038]],[[-74.01663,40.70481],[-74.01663,40.70475],[-74.01664,40.70464]],[[-74.0242,40.70038],[-74.02423,40.7004],[-74.02426,40.70043],[-74.0243,40.70046]],[[-74.0243,40.70046],[-74.02433,40.7005],[-74.02435,40.70053],[-74.02438,40.70056]],[[-74.01035,40.69823],[-74.01103,40.69811],[-74.01172,40.69801]],[[-74.0141,40.71385],[-74.014,40.71421],[-74.01406,40.71433],[-74.0139,40.71494],[-74.01378,40.71503],[-74.01373,40.71522],[-74.01369,40.7153]],[[-74.00307,40.70615],[-74.00303,40.70617],[-74.00303,40.70617],[-74.00232,40.70659],[-74.00158,40.70701],[-74.00145,40.70708],[-74.0011,40.70727]],[[-74.00463,40.70507],[-74.00456,40.70511],[-74.00368,40.70567],[-74.00341,40.70583],[-74.003,40.70609]],[[-74.01505,40.70984],[-74.01485,40.71041],[-74.01483,40.71048],[-74.01471,40.71086]],[[-74.02354,40.71389],[-74.02356,40.71379]],[[-74.01321,40.71653],[-74.01304,40.71726]],[[-74.01382,40.70224],[-74.01366,40.70226],[-74.01345,40.70226],[-74.01305,40.70228]],[[-74.01305,40.70228],[-74.01303,40.70228],[-74.01302,40.70228],[-74.013,40.70227],[-74.01299,40.70227],[-74.01298,40.70226],[-74.01296,40.70226],[-74.01295,40.70225]],[[-74.01295,40.70225],[-74.01294,40.70224],[-74.01293,40.70223],[-74.01293,40.70222],[-74.01292,40.70221],[-74.01291,40.7022]],[[-74.01291,40.7022],[-74.0129,40.70216]],[[-73.98822,40.71077],[-73.98815,40.7103]],[[-74.01582,40.7022],[-74.01577,40.70243]],[[-74.01589,40.7078],[-74.01617,40.70791]],[[-73.98535,40.71447],[-73.98523,40.7138]],[[-74.01369,40.7153],[-74.01359,40.71571],[-74.01356,40.71581],[-74.01334,40.71657]],[[-74.01092,40.7258],[-74.01087,40.72609]],[[-74.02321,40.71374],[-74.02319,40.71384]],[[-74.02176,40.69909],[-74.02173,40.69912],[-74.02169,40.69915],[-74.02165,40.69918]],[[-74.02165,40.69918],[-74.02162,40.69921],[-74.02158,40.69924],[-74.02154,40.69927]],[[-74.01534,40.70364],[-74.01521,40.70451]],[[-74.01842,40.70959],[-74.01828,40.71021],[-74.01823,40.71041],[-74.01813,40.71089],[-74.01794,40.71164],[-74.01781,40.71227],[-74.01732,40.71219],[-74.0168,40.71211],[-74.0166,40.71207]],[[-74.00609,40.7031],[-74.0059,40.7031]],[[-74.01398,40.7138],[-74.0141,40.71385]],[[-74.02333,40.70076],[-74.02345,40.70085],[-74.02356,40.70095],[-74.02368,40.70105]],[[-74.02368,40.70105],[-74.02379,40.70116],[-74.02389,40.70126],[-74.024,40.70137]],[[-73.99527,40.71559],[-73.99502,40.71515],[-73.99459,40.71439],[-73.9945,40.71424]],[[-74.01729,40.7048],[-74.01744,40.70485],[-74.01753,40.70491]],[[-74.01371,40.71455],[-74.01357,40.71513],[-74.01353,40.71527]],[[-73.99901,40.71126],[-73.99905,40.71121],[-73.9991,40.71116],[-73.99915,40.71112]],[[-73.99915,40.71112],[-73.9992,40.71107],[-73.99925,40.71103],[-73.9993,40.71099]],[[-73.9993,40.71099],[-73.99956,40.71097],[-73.99979,40.71072]],[[-73.99868,40.71189],[-73.99861,40.71169]],[[-73.99861,40.71169],[-73.99858,40.7117],[-73.99855,40.7117],[-73.99852,40.71171],[-73.99849,40.71171],[-73.99846,40.71171]],[[-73.99846,40.71171],[-73.99843,40.71171],[-73.9984,40.71171],[-73.99837,40.71171],[-73.99834,40.7117],[-73.99831,40.71169]],[[-73.99831,40.71169],[-73.99829,40.71168],[-73.99827,40.71167],[-73.99825,40.71166],[-73.99823,40.71165],[-73.99821,40.71164],[-73.9982,40.71163],[-73.99819,40.71161],[-73.99817,40.71159],[-73.99816,40.71158],[-73.99816,40.71156],[-73.99815,40.71154],[-73.99815,40.71153],[-73.99815,40.71151]],[[-73.99815,40.71151],[-73.99815,40.71149],[-73.99815,40.71147],[-73.99816,40.71145],[-73.99816,40.71144],[-73.99817,40.71142],[-73.99818,40.7114],[-73.9982,40.71139],[-73.99821,40.71138],[-73.99823,40.71136],[-73.99824,40.71135],[-73.99826,40.71134],[-73.99828,40.71133],[-73.9983,40.71132]],[[-73.9983,40.71132],[-73.99831,40.71113]],[[-74.00609,40.70296],[-74.00619,40.70257],[-74.00523,40.70173]],[[-74.00523,40.70173],[-74.00511,40.70162],[-74.00499,40.7015],[-74.0049,40.70137]],[[-74.0049,40.70137],[-74.00488,40.70135],[-74.00487,40.70133],[-74.00485,40.7013]],[[-74.01244,40.70142],[-74.01225,40.70146]],[[-74.01219,40.70135],[-74.01112,40.70162]],[[-74.01705,40.70484],[-74.01721,40.70487],[-74.01734,40.7049]],[[-73.98706,40.71365],[-73.98523,40.7138]],[[-73.99865,40.70887],[-73.99879,40.70939]],[[-73.99606,40.70913],[-73.99571,40.70917],[-73.99448,40.70934],[-73.99417,40.70939],[-73.994,40.70941]],[[-74.00307,40.70615],[-74.00303,40.70612],[-74.003,40.70609]],[[-74.0156,40.7023],[-74.01534,40.70364]],[[-73.99621,40.70559],[-73.99615,40.70564]],[[-74.01565,40.70204],[-74.0156,40.7023]],[[-74.00669,40.70363],[-74.00653,40.70349]],[[-73.9993,40.70812],[-73.99901,40.70828],[-73.99878,40.7084]],[[-73.98587,40.7157],[-73.98532,40.71664]],[[-74.0041,40.70021],[-74.00411,40.70012],[-74.00412,40.70003],[-74.00414,40.69995]],[[-74.00414,40.69995],[-74.00416,40.69986],[-74.00419,40.69977],[-74.00422,40.69969]],[[-74.00422,40.69969],[-74.00434,40.69943],[-74.00448,40.69919],[-74.00464,40.69895]],[[-74.00464,40.69895],[-74.00483,40.69871],[-74.00503,40.69849],[-74.00525,40.69828]],[[-74.02352,40.71397],[-74.02354,40.71389]],[[-74.00696,40.70368],[-74.00647,40.70399],[-74.00622,40.70416]],[[-73.99606,40.70913],[-73.99605,40.70909],[-73.99605,40.70906]],[[-74.02333,40.70076],[-74.0234,40.70074],[-74.02347,40.70073],[-74.02354,40.70072]],[[-74.02354,40.70072],[-74.02362,40.70071],[-74.02369,40.7007],[-74.02376,40.70069]],[[-74.00012,40.7079],[-74.00002,40.70799]],[[-74.01677,40.70464],[-74.0167,40.70464],[-74.01664,40.70464]],[[-74.00271,40.71262],[-74.00231,40.71274],[-74.0009,40.71306]],[[-74.01658,40.7051],[-74.01661,40.70497]],[[-74.00632,40.70347],[-74.00496,40.70335],[-74.004,40.70266]],[[-74.004,40.70266],[-74.00383,40.70245],[-74.00368,40.70224],[-74.00356,40.70202]],[[-74.01094,40.72567],[-74.01094,40.72569],[-74.01092,40.7258]],[[-73.99355,40.70937],[-73.99212,40.70957]],[[-73.99748,40.71126],[-73.99678,40.71135]],[[-74.00013,40.70792],[-74.00012,40.7079]],[[-73.994,40.70941],[-73.99399,40.70937],[-73.99398,40.70933]],[[-74.00609,40.7031],[-74.00609,40.70296]],[[-74.00768,40.70323],[-74.00714,40.70357],[-74.00696,40.70368]],[[-74.01707,40.70474],[-74.01685,40.70464],[-74.01677,40.70464]],[[-74.01521,40.70451],[-74.0152,40.70458]],[[-74.0164,40.70463],[-74.01637,40.70459],[-74.01634,40.70454],[-74.01632,40.70449],[-74.01631,40.70444],[-74.0163,40.70438]],[[-74.0163,40.70438],[-74.0163,40.70432],[-74.0163,40.70427],[-74.01631,40.70421],[-74.01633,40.70415]],[[-74.01633,40.70415],[-74.01636,40.70409],[-74.01638,40.70403],[-74.01639,40.70397],[-74.01639,40.7039],[-74.01639,40.70384]],[[-74.01296,40.71744],[-74.0126,40.71892],[-74.01256,40.71908]],[[-74.01114,40.7017],[-74.01107,40.70172],[-74.01092,40.70175],[-74.00997,40.70197],[-74.00979,40.70204],[-74.00939,40.7022],[-74.00938,40.7022]],[[-74.01505,40.70984],[-74.01521,40.70984]],[[-74.01311,40.71752],[-74.01296,40.71817],[-74.01296,40.7182]],[[-73.99493,40.71585],[-73.99502,40.71588]],[[-74.01184,40.72234],[-74.0117,40.723]],[[-73.99879,40.70939],[-73.99891,40.70987]],[[-74.02154,40.69927],[-74.02133,40.69945]],[[-74.02438,40.70056],[-74.02464,40.70048],[-74.02489,40.7004]],[[-74.01201,40.72031],[-74.01188,40.72096],[-74.01174,40.72163]],[[-74.00434,40.7003],[-74.00466,40.70001],[-74.005,40.69972],[-74.00536,40.69945]],[[-74.00536,40.69945],[-74.00572,40.69919],[-74.00611,40.69894],[-74.0065,40.69871]],[[-74.0065,40.69871],[-74.00686,40.69857],[-74.00723,40.69844],[-74.0076,40.69832]],[[-74.0076,40.69832],[-74.00797,40.69821],[-74.00835,40.69811],[-74.00874,40.69802]],[[-73.99958,40.7118],[-73.99914,40.71184],[-73.999,40.71186],[-73.99884,40.71187],[-73.99868,40.71189]],[[-74.01225,40.70146],[-74.01114,40.7017]],[[-73.99901,40.71126],[-73.99875,40.71112]],[[-74.00899,40.70409],[-74.00854,40.70371],[-74.00796,40.70321]],[[-73.99063,40.70704],[-73.99051,40.70707]],[[-74.01136,40.72363],[-74.01124,40.72427]],[[-74.00407,40.70078],[-74.00406,40.70069],[-74.00406,40.70059],[-74.00406,40.70049]],[[-74.00406,40.70049],[-74.00407,40.7004],[-74.00408,40.7003],[-74.0041,40.70021]],[[-74.00445,40.69987],[-74.00448,40.69979],[-74.00451,40.6997],[-74.00455,40.69962]],[[-74.00455,40.69962],[-74.00458,40.69954],[-74.00463,40.69945],[-74.00467,40.69937]],[[-74.02302,40.69812],[-74.02257,40.69845]],[[-74.02257,40.69845],[-74.02247,40.69852],[-74.02237,40.6986],[-74.02228,40.69868]],[[-74.02228,40.69868],[-74.02218,40.69875],[-74.02209,40.69883],[-74.02199,40.69891]],[[-74.00604,40.71191],[-74.00594,40.71196],[-74.0056,40.71205],[-74.00546,40.71208]],[[-74.00546,40.71208],[-74.00542,40.71209],[-74.00537,40.71209],[-74.00532,40.71209]],[[-74.00532,40.71209],[-74.00528,40.71209],[-74.00523,40.71209],[-74.00519,40.71208]],[[-74.00519,40.71208],[-74.00514,40.71207],[-74.00509,40.71206],[-74.00504,40.71204]],[[-74.00504,40.71204],[-74.00499,40.71202],[-74.00495,40.712],[-74.00491,40.71198]],[[-74.00491,40.71198],[-74.00473,40.71188]],[[-74.00473,40.71188],[-74.00467,40.71185],[-74.0046,40.71182],[-74.00453,40.71179]],[[-74.00453,40.71179],[-74.00419,40.71168]],[[-73.99935,40.70799],[-73.99926,40.70792]],[[-74.01729,40.7048],[-74.01707,40.70474]],[[-73.99936,40.70808],[-73.9993,40.70812]],[[-74.02413,40.70064],[-74.02417,40.70063],[-74.02422,40.70061],[-74.02426,40.7006]],[[-74.02426,40.7006],[-74.0243,40.70059],[-74.02434,40.70057],[-74.02438,40.70056]],[[-73.99935,40.70799],[-73.99929,40.70802]],[[-74.01292,40.71641],[-74.01273,40.71712]],[[-74.00467,40.69937],[-74.00487,40.69922],[-74.00508,40.69907],[-74.00529,40.69893]],[[-74.00529,40.69893],[-74.0055,40.69879],[-74.00572,40.69865],[-74.00595,40.69852]],[[-74.00595,40.69852],[-74.00632,40.69835],[-74.00671,40.6982],[-74.0071,40.69806]],[[-73.994,40.70941],[-73.994,40.70941],[-73.99397,40.70942],[-73.99356,40.70947],[-73.99254,40.70963],[-73.99253,40.70963],[-73.99218,40.70968]],[[-74.01595,40.70668],[-74.01586,40.70694],[-74.01584,40.70699],[-74.0158,40.70708]],[[-74.00037,40.7095],[-74.00044,40.70956],[-74.00066,40.70985]],[[-74.00653,40.70349],[-74.00646,40.70328]],[[-74.0059,40.7031],[-74.00503,40.70307],[-74.00423,40.70248]],[[-74.00423,40.70248],[-74.00416,40.7024],[-74.00409,40.70231],[-74.00402,40.70223]],[[-74.01553,40.70806],[-74.01556,40.70797],[-74.01559,40.70775],[-74.01558,40.70771]],[[-74.01635,40.70566],[-74.01642,40.7055],[-74.01642,40.70549],[-74.01658,40.7051]],[[-73.99943,40.70804],[-73.99935,40.70799],[-73.99935,40.70799]],[[-73.99173,40.70963],[-73.99165,40.70964],[-73.99121,40.70971],[-73.99119,40.70971],[-73.9898,40.70991],[-73.98975,40.70992],[-73.98938,40.70996],[-73.98927,40.70998],[-73.98789,40.71015],[-73.98655,40.71032]],[[-73.99398,40.7093],[-73.99355,40.70937]],[[-74.02376,40.70069],[-74.02382,40.70073],[-74.02388,40.70078],[-74.02393,40.70082]],[[-74.02393,40.70082],[-74.02398,40.70087],[-74.02403,40.70091],[-74.02408,40.70096]],[[-74.0011,40.70727],[-74.00006,40.70781],[-74.00002,40.70783]],[[-74.02154,40.69927],[-74.02376,40.70069]],[[-73.98533,40.71759],[-73.98517,40.71754]],[[-74.01657,40.70393],[-74.01639,40.70384]],[[-74.02438,40.70189],[-74.02448,40.70205],[-74.02455,40.70221],[-74.02461,40.70238],[-74.02464,40.70256],[-74.02465,40.70273],[-74.02464,40.7029]],[[-74.02464,40.7029],[-74.02432,40.70464],[-74.02346,40.70975]],[[-74.01238,40.70131],[-74.01219,40.70135]],[[-74.00684,40.70356],[-74.00669,40.70363]],[[-74.01474,40.70984],[-74.01459,40.71036]],[[-74.00525,40.69828],[-74.00549,40.69805]],[[-74.00629,40.70424],[-74.00622,40.70416]],[[-74.00705,40.70376],[-74.00696,40.70368]],[[-74.02153,40.72546],[-74.02145,40.72419],[-74.02225,40.72032],[-74.02345,40.71432],[-74.02352,40.71397]],[[-74.00696,40.70368],[-74.00694,40.70365],[-74.0069,40.70362]],[[-74.00975,40.70478],[-74.00892,40.70495]],[[-74.01459,40.71036],[-74.01457,40.71043]],[[-73.99605,40.70906],[-73.99551,40.70913],[-73.99424,40.70931],[-73.99416,40.70931],[-73.99398,40.70933]],[[-74.00002,40.70783],[-73.99999,40.70779],[-73.99996,40.70776]],[[-74.01569,40.70731],[-74.01559,40.70754],[-74.01558,40.70757],[-74.01555,40.70762]],[[-74.00316,40.70624],[-74.00307,40.70615]],[[-73.99896,40.70853],[-73.99905,40.70851],[-73.99919,40.70848]],[[-73.99922,40.70806],[-73.99914,40.70799]],[[-74.02454,40.70144],[-74.02466,40.70161],[-74.02477,40.70179],[-74.02486,40.70198],[-74.02493,40.70217],[-74.02498,40.70236],[-74.025,40.70255],[-74.025,40.70275],[-74.02498,40.70295]],[[-74.02498,40.70295],[-74.02476,40.70468],[-74.02374,40.71069]],[[-74.01326,40.70588],[-74.01404,40.70614],[-74.01434,40.70625]],[[-74.02321,40.71374],[-74.02356,40.71379]],[[-73.99502,40.71588],[-73.99544,40.71601]],[[-74.02315,40.71403],[-74.02311,40.71425],[-74.02204,40.7203],[-74.02131,40.72378]],[[-74.02131,40.72378],[-74.02127,40.724],[-74.02125,40.72422],[-74.02125,40.72444]],[[-74.02125,40.72444],[-74.02127,40.72543]],[[-74.01734,40.71495],[-74.01738,40.71495]],[[-74.01753,40.70491],[-74.01759,40.70483],[-74.01767,40.70477],[-74.01816,40.70469],[-74.01821,40.70461],[-74.01879,40.70474],[-74.01889,40.70481],[-74.01931,40.70609]],[[-74.01931,40.70609],[-74.01918,40.70657],[-74.01888,40.70669],[-74.01893,40.70685],[-74.0189,40.70697],[-74.0185,40.70688],[-74.01812,40.70785],[-74.01872,40.70814],[-74.01869,40.7085],[-74.01858,40.70894],[-74.01842,40.70959]],[[-73.99603,40.70901],[-73.99398,40.7093]],[[-74.02413,40.70064],[-74.02423,40.70076],[-74.02432,40.70089],[-74.02439,40.70102]],[[-74.02439,40.70102],[-74.02445,40.70116],[-74.0245,40.7013],[-74.02454,40.70144]],[[-73.99843,40.71096],[-73.99843,40.71101],[-73.99841,40.71106],[-73.99837,40.7111],[-73.99831,40.71113]],[[-74.01575,40.70719],[-74.01573,40.7072],[-74.01571,40.7072],[-74.01569,40.70721]],[[-74.01569,40.70721],[-74.01567,40.70721],[-74.01564,40.70722],[-74.01562,40.70722]],[[-74.01753,40.70491],[-74.01766,40.705],[-74.01778,40.70511],[-74.01789,40.70523],[-74.01799,40.70535]],[[-74.01799,40.70535],[-74.01823,40.70531],[-74.01854,40.70549]],[[-74.01854,40.70549],[-74.01856,40.70552],[-74.01858,40.70554],[-74.0186,40.70555],[-74.01862,40.70557],[-74.01865,40.70559],[-74.01868,40.7056],[-74.01871,40.70561],[-74.01874,40.70562],[-74.01877,40.70563],[-74.0188,40.70564],[-74.01883,40.70564]],[[-74.01883,40.70564],[-74.019,40.7057],[-74.01913,40.70578],[-74.01931,40.70609]],[[-74.024,40.70137],[-74.02407,40.70145],[-74.02414,40.70154],[-74.02421,40.70162]],[[-74.02421,40.70162],[-74.02427,40.70171],[-74.02433,40.7018],[-74.02438,40.70189]],[[-74.01273,40.71712],[-74.01269,40.71731]],[[-74.00525,40.69828],[-74.00542,40.69802]],[[-74.024,40.70137],[-74.02408,40.70096]],[[-74.01672,40.7039],[-74.01671,40.70375],[-74.0166,40.70323],[-74.01644,40.70282],[-74.01638,40.70267],[-74.01584,40.702],[-74.01576,40.70191],[-74.01568,40.70185],[-74.01535,40.70159],[-74.0153,40.70155]],[[-74.0153,40.70155],[-74.01527,40.70152],[-74.01523,40.7015],[-74.0152,40.70148]],[[-74.0152,40.70148],[-74.01514,40.70144],[-74.01508,40.7014],[-74.01502,40.70136]],[[-74.01502,40.70136],[-74.01491,40.70131],[-74.0148,40.70126],[-74.01468,40.70122]],[[-74.01468,40.70122],[-74.01457,40.70119],[-74.01446,40.70116],[-74.01434,40.70114]],[[-74.01434,40.70114],[-74.01412,40.70112],[-74.01371,40.70108]],[[-73.9957,40.71551],[-73.99565,40.71547],[-73.99523,40.71509],[-73.99515,40.71503],[-73.9951,40.71498],[-73.99503,40.71491],[-73.99488,40.71469],[-73.99485,40.71462],[-73.99475,40.71443],[-73.99472,40.71435],[-73.99466,40.71423]],[[-73.99615,40.70564],[-73.9959,40.70575],[-73.99565,40.70585],[-73.99539,40.70596]],[[-73.99539,40.70596],[-73.99513,40.70605],[-73.99486,40.70614],[-73.9946,40.70622]],[[-73.9946,40.70622],[-73.99395,40.70636],[-73.99331,40.70649],[-73.99266,40.70663]],[[-73.99266,40.70663],[-73.99202,40.70676],[-73.99137,40.70689],[-73.99073,40.70702]],[[-74.0069,40.70362],[-74.00684,40.70356]],[[-74.02438,40.70056],[-74.0245,40.70071],[-74.02461,40.70086],[-74.0247,40.70101]],[[-74.0247,40.70101],[-74.02479,40.70117],[-74.02486,40.70133],[-74.02492,40.70149]],[[-73.99039,40.7071],[-73.99032,40.70711]],[[-73.99875,40.71112],[-73.9988,40.71107],[-73.99885,40.71103],[-73.9989,40.71099]],[[-73.9989,40.71099],[-73.99895,40.71094],[-73.999,40.71089],[-73.99905,40.71085]],[[-73.99905,40.71085],[-73.999,40.71061],[-73.99869,40.71043],[-73.99848,40.71043],[-73.99832,40.71056]],[[-73.99987,40.7082],[-73.99982,40.70818],[-73.99974,40.70814]],[[-74.01677,40.70464],[-74.01675,40.7043],[-74.01675,40.7043],[-74.01674,40.70412]],[[-74.00002,40.70799],[-74.00004,40.70809],[-74.00008,40.70818],[-74.00014,40.70827],[-74.00021,40.70836],[-74.00029,40.70843],[-74.00152,40.70941],[-74.00167,40.70953]],[[-73.99996,40.70776],[-73.9999,40.70769]],[[-73.98523,40.7138],[-73.98507,40.71382]],[[-74.01661,40.70497],[-74.01663,40.70481]],[[-74.01734,40.71495],[-74.01727,40.71541],[-74.01723,40.71559],[-74.01696,40.71707],[-74.01666,40.71866],[-74.01497,40.71843],[-74.01487,40.71848],[-74.01323,40.71828],[-74.01296,40.7182]],[[-74.01664,40.70464],[-74.01658,40.70402],[-74.01658,40.70402],[-74.01657,40.70393]],[[-74.02408,40.70096],[-74.02413,40.70064]],[[-73.99213,40.70969],[-73.99201,40.7097]],[[-73.99493,40.71585],[-73.99489,40.71571]],[[-74.01465,40.7111],[-74.01456,40.71154],[-74.01448,40.71193]],[[-73.99976,40.71063],[-74.00009,40.71032],[-74.00023,40.71041],[-74.00039,40.71039],[-74.00075,40.71068]],[[-73.99832,40.71056],[-73.99817,40.71004],[-73.99806,40.70972],[-73.99804,40.70967],[-73.998,40.70962],[-73.99794,40.70959],[-73.99788,40.70958],[-73.99781,40.70958],[-73.99651,40.70977],[-73.99639,40.70976]],[[-74.01575,40.70719],[-74.01569,40.70731]],[[-74.02315,40.71403],[-74.02321,40.71401],[-74.02327,40.714],[-74.02333,40.71399]],[[-74.02333,40.71399],[-74.02339,40.71398],[-74.02346,40.71398],[-74.02352,40.71397]],[[-73.99606,40.70921],[-73.99606,40.70913]],[[-74.01707,40.70474],[-74.01705,40.70484]],[[-74.02352,40.71397],[-74.02356,40.71397],[-74.0236,40.71398],[-74.02363,40.71398]],[[-74.02363,40.71398],[-74.02367,40.71398],[-74.02371,40.71398],[-74.02375,40.71399]],[[-74.02376,40.70069],[-74.02382,40.70068],[-74.02388,40.70067],[-74.02395,40.70066]],[[-74.02395,40.70066],[-74.02401,40.70065],[-74.02407,40.70065],[-74.02413,40.70064]],[[-74.00226,40.70654],[-74.00124,40.70703],[-74.00019,40.70753],[-74.00008,40.70769]],[[-74.02319,40.71384],[-74.02354,40.71389]],[[-74.00609,40.7031],[-74.00572,40.70278],[-74.00556,40.70279]],[[-74.0086,40.7114],[-74.00835,40.71137],[-74.00797,40.71146]],[[-74.00797,40.71146],[-74.00747,40.71158]],[[-74.00747,40.71158],[-74.00737,40.7116],[-74.00695,40.7117]],[[-74.00401,40.71178],[-74.00379,40.71161],[-74.0036,40.71145],[-74.00353,40.7114]],[[-74.00406,40.71182],[-74.00401,40.71178]],[[-73.99105,40.72357],[-73.99101,40.72356],[-73.99031,40.72337]],[[-74.00055,40.70903],[-74.00027,40.7088]],[[-74.0036,40.71365],[-74.0034,40.71416]],[[-73.99098,40.71836],[-73.99053,40.71917]],[[-73.99034,40.72494],[-73.99016,40.72518],[-73.99013,40.72521],[-73.98987,40.72559]],[[-74.01478,40.70327],[-74.01479,40.70332],[-74.01484,40.70337],[-74.01488,40.70344],[-74.0149,40.70349],[-74.0149,40.70355],[-74.01487,40.70361],[-74.01484,40.70368],[-74.01482,40.70372],[-74.01482,40.70377],[-74.0148,40.70382],[-74.01477,40.70386],[-74.01472,40.70389]],[[-74.00114,40.71018],[-74.001,40.71036],[-74.00091,40.71049],[-74.0008,40.71063]],[[-74.00429,40.71292],[-74.00422,40.71299],[-74.00406,40.71314]],[[-74.0034,40.71416],[-74.00318,40.71471],[-74.00303,40.71559]],[[-74.0164,40.70463],[-74.01633,40.70462],[-74.01626,40.70462],[-74.0162,40.70461],[-74.01613,40.70461],[-74.01606,40.70462],[-74.01599,40.70463],[-74.01593,40.70465]],[[-74.01593,40.70465],[-74.01584,40.70466],[-74.01576,40.70466],[-74.01567,40.70466],[-74.01559,40.70465],[-74.01551,40.70464],[-74.01543,40.70462]],[[-74.01543,40.70462],[-74.01531,40.7046],[-74.0152,40.70458]],[[-74.0152,40.70458],[-74.01516,40.70457],[-74.01512,40.70456],[-74.01509,40.70454]],[[-74.01509,40.70454],[-74.01505,40.70453],[-74.01502,40.70451],[-74.01499,40.70449]],[[-74.01478,40.70327],[-74.01473,40.7034],[-74.01468,40.70354],[-74.01466,40.70362],[-74.01465,40.70368],[-74.01466,40.70374],[-74.01469,40.7038],[-74.01472,40.70389]],[[-74.00694,40.71913],[-74.00681,40.71979]],[[-74.01421,40.70249],[-74.01426,40.7025],[-74.01431,40.70252],[-74.01436,40.70253]],[[-74.01436,40.70253],[-74.01441,40.70255],[-74.01446,40.70258],[-74.0145,40.7026]],[[-74.0145,40.7026],[-74.01467,40.70277],[-74.01474,40.70288],[-74.01477,40.70301],[-74.01478,40.70317],[-74.01478,40.70327]],[[-73.99712,40.72231],[-73.99666,40.72347],[-73.99648,40.72369]],[[-73.9992,40.70796],[-73.99809,40.70708]],[[-74.00268,40.71072],[-74.00174,40.70997]],[[-74.00277,40.7108],[-74.00268,40.71072]],[[-73.98523,40.7138],[-73.98518,40.71348],[-73.98512,40.71336]],[[-73.99053,40.71917],[-73.99048,40.71925],[-73.99044,40.71933]],[[-73.99238,40.71506],[-73.9918,40.71618]],[[-74.00027,40.7088],[-74.00019,40.70874]],[[-74.00353,40.7114],[-74.00333,40.71125]],[[-73.9918,40.71618],[-73.99161,40.71652],[-73.99156,40.71662],[-73.99118,40.71735]],[[-74.00303,40.71559],[-74.00281,40.71589]],[[-73.98512,40.71336],[-73.98506,40.71309]],[[-74.01618,40.70356],[-74.01615,40.70349]],[[-74.01615,40.70349],[-74.01615,40.70347],[-74.01615,40.70345],[-74.01615,40.70342],[-74.01616,40.7034],[-74.01616,40.70338],[-74.01617,40.70336],[-74.01619,40.70334],[-74.0162,40.70332],[-74.01622,40.7033],[-74.01624,40.70328]],[[-74.01624,40.70328],[-74.01628,40.70322]],[[-74.01628,40.70322],[-74.01629,40.70321],[-74.0163,40.7032],[-74.0163,40.70319],[-74.0163,40.70317],[-74.0163,40.70316],[-74.0163,40.70315],[-74.0163,40.70313],[-74.0163,40.70312],[-74.0163,40.70311]],[[-74.0163,40.70311],[-74.01621,40.70287]],[[-74.01621,40.70287],[-74.01619,40.70282],[-74.01616,40.70277],[-74.01613,40.70271],[-74.01609,40.70267],[-74.01604,40.70262]],[[-74.01604,40.70262],[-74.01595,40.70255],[-74.01577,40.70243],[-74.01567,40.70239],[-74.0156,40.7023],[-74.0155,40.70226],[-74.0153,40.70213]],[[-74.0153,40.70213],[-74.01526,40.70211],[-74.01522,40.70208],[-74.01519,40.70205],[-74.01516,40.70202],[-74.01513,40.70199],[-74.01511,40.70195],[-74.01509,40.70191]],[[-74.01509,40.70191],[-74.01509,40.7019],[-74.01509,40.70189],[-74.01508,40.70188],[-74.01508,40.70187],[-74.01507,40.70186],[-74.01506,40.70185],[-74.01506,40.70184],[-74.01505,40.70183],[-74.01503,40.70182],[-74.01502,40.70182],[-74.01501,40.70181],[-74.015,40.7018],[-74.01498,40.7018],[-74.01497,40.7018],[-74.01495,40.70179],[-74.01494,40.70179],[-74.01492,40.70179],[-74.01491,40.70179],[-74.01489,40.70179],[-74.01488,40.70179],[-74.01486,40.7018],[-74.01485,40.7018],[-74.01484,40.70181],[-74.01482,40.70181],[-74.01481,40.70182],[-74.0148,40.70182],[-74.01479,40.70183],[-74.01478,40.70184],[-74.01477,40.70185]],[[-74.01477,40.70185],[-74.01466,40.70198],[-74.01444,40.70222],[-74.01432,40.70235],[-74.01421,40.70249]],[[-73.99201,40.71624],[-73.99184,40.71659],[-73.99179,40.71669],[-73.99142,40.71743]],[[-73.98672,40.71596],[-73.98643,40.71587],[-73.98624,40.71582],[-73.98587,40.7157]],[[-74.00019,40.70874],[-74.00012,40.70869]],[[-74.0071,40.71601],[-74.00668,40.71654]],[[-74.00162,40.70957],[-74.00158,40.70963]],[[-73.99993,40.70855],[-73.99981,40.70845]],[[-74.00012,40.70869],[-74.00001,40.70861]],[[-74.00429,40.71292],[-74.00448,40.71271]],[[-74.00448,40.71271],[-74.00451,40.71267],[-74.00453,40.71264],[-74.00455,40.7126],[-74.00456,40.71256]],[[-74.00456,40.71256],[-74.00457,40.71242]],[[-73.99142,40.71743],[-73.99098,40.71836]],[[-74.00924,40.71553],[-74.009,40.71582],[-74.00882,40.71602]],[[-74.00124,40.71006],[-74.00114,40.71018]],[[-73.99493,40.71585],[-73.99489,40.71594],[-73.99485,40.71609],[-73.99487,40.71619]],[[-73.99029,40.71909],[-73.99025,40.71918],[-73.99021,40.71925]],[[-74.0041,40.71185],[-74.00406,40.71182]],[[-74.00756,40.72585],[-74.00743,40.72661]],[[-73.99239,40.7132],[-73.99227,40.71248]],[[-73.99984,40.7192],[-73.99906,40.72005]],[[-73.99487,40.71619],[-73.99446,40.71698]],[[-74.00152,40.7097],[-74.00147,40.70975]],[[-74.00208,40.71674],[-74.00159,40.7173]],[[-73.99072,40.71828],[-73.99029,40.71909]],[[-74.00643,40.71909],[-74.00614,40.71945]],[[-74.00668,40.71654],[-74.00625,40.71708]],[[-73.99806,40.71959],[-73.9973,40.71933]],[[-73.99987,40.72044],[-73.99906,40.72005]],[[-73.99944,40.70814],[-73.9994,40.70811]],[[-74.00681,40.71979],[-74.0067,40.72045]],[[-73.99929,40.70802],[-73.9992,40.70796]],[[-73.99224,40.72126],[-73.99165,40.72241]],[[-73.99621,40.70559],[-73.99498,40.70461]],[[-74.00578,40.71768],[-74.00532,40.71828]],[[-73.98583,40.71761],[-73.98587,40.71753],[-73.9862,40.71691]],[[-73.99936,40.70808],[-73.99929,40.70802],[-73.99929,40.70802]],[[-74.00243,40.71463],[-74.00212,40.71517]],[[-74.00147,40.70975],[-74.00135,40.70965]],[[-74.00167,40.70953],[-74.00162,40.70957]],[[-74.00142,40.70982],[-74.00128,40.71]],[[-74.00578,40.72568],[-74.00649,40.72575],[-74.00756,40.72585]],[[-73.99246,40.71176],[-73.99245,40.71168],[-73.99244,40.71162],[-73.99243,40.71155],[-73.99229,40.71105],[-73.99224,40.71098],[-73.99219,40.7109]],[[-73.99981,40.70845],[-73.99956,40.70824]],[[-74.0031,40.71397],[-74.00283,40.71415],[-74.0026,40.71432]],[[-74.00658,40.72114],[-74.00652,40.72142],[-74.00643,40.72181]],[[-74.00406,40.71314],[-74.0036,40.71365]],[[-74.00051,40.71099],[-74.00044,40.71107],[-74.00025,40.71125],[-74.00012,40.71138],[-73.9997,40.71179]],[[-73.98507,40.71382],[-73.98512,40.71336]],[[-73.98986,40.72053],[-73.98923,40.72169]],[[-74.01639,40.70384],[-74.01614,40.70414],[-74.01593,40.70429],[-74.01566,40.70442],[-74.01545,40.70449],[-74.01532,40.7045],[-74.01521,40.70451]],[[-74.00796,40.71713],[-74.00754,40.71767]],[[-73.99881,40.72303],[-73.99961,40.72343]],[[-74.01639,40.70384],[-74.01618,40.70356]],[[-74.00329,40.71122],[-74.00277,40.7108]],[[-74.00147,40.70975],[-74.00142,40.70982]],[[-74.00518,40.71901],[-74.00519,40.71985]],[[-74.00053,40.71844],[-73.99984,40.7192]],[[-73.99648,40.71906],[-73.9957,40.71878]],[[-74.00486,40.71246],[-74.00484,40.71247],[-74.00482,40.71247],[-74.0048,40.71247]],[[-74.0048,40.71247],[-74.00478,40.71248],[-74.00476,40.71248],[-74.00474,40.71248],[-74.00472,40.71248]],[[-74.00472,40.71248],[-74.0047,40.71248],[-74.00468,40.71248],[-74.00466,40.71247],[-74.00464,40.71246],[-74.00462,40.71246],[-74.0046,40.71245],[-74.00459,40.71244],[-74.00457,40.71242]],[[-73.99383,40.71815],[-73.99336,40.71908]],[[-73.99256,40.7144],[-73.99257,40.71466],[-73.99238,40.71506]],[[-74.00427,40.712],[-74.0041,40.71185]],[[-74.01421,40.70249],[-74.01397,40.7023],[-74.01382,40.70224]],[[-73.98837,40.71645],[-73.98754,40.7162]],[[-74.00156,40.70983],[-74.00147,40.70975]],[[-73.99217,40.71178],[-73.99216,40.71171],[-73.99216,40.71166],[-73.99214,40.71158],[-73.99202,40.71111],[-73.992,40.71102],[-73.99198,40.71092]],[[-73.98859,40.72283],[-73.9879,40.72263]],[[-73.9994,40.70811],[-73.99936,40.70808]],[[-73.9879,40.72263],[-73.98779,40.7226],[-73.98725,40.72242],[-73.98719,40.7224]],[[-74.00754,40.71767],[-74.00727,40.718],[-74.00705,40.71828]],[[-74.00882,40.71602],[-74.00838,40.7166]],[[-74.01472,40.70389],[-74.01466,40.70398],[-74.01465,40.70404],[-74.01474,40.70406],[-74.01481,40.704],[-74.01493,40.70386],[-74.01499,40.70381],[-74.01503,40.7038]],[[-74.01503,40.7038],[-74.01508,40.70377],[-74.01513,40.70374],[-74.01518,40.70371]],[[-74.01518,40.70371],[-74.01523,40.70369],[-74.01529,40.70366],[-74.01534,40.70364]],[[-74.01534,40.70364],[-74.01547,40.70361],[-74.01559,40.70359],[-74.01618,40.70356]],[[-73.99956,40.70824],[-73.99944,40.70814]],[[-74.0026,40.71432],[-74.00243,40.71463]],[[-74.00128,40.71],[-74.00124,40.71006]],[[-74.0008,40.71063],[-74.00066,40.71081],[-74.00051,40.71099]],[[-73.99044,40.71933],[-73.99017,40.71987],[-73.98986,40.72053]],[[-74.00256,40.71619],[-74.00208,40.71674]],[[-74.00705,40.71828],[-74.00659,40.71887]],[[-73.99282,40.71437],[-73.9929,40.71457]],[[-74.00333,40.71125],[-74.00329,40.71122]],[[-73.98959,40.72045],[-73.98904,40.72162]],[[-73.99906,40.72005],[-73.9982,40.72107]],[[-73.99227,40.71248],[-73.99225,40.71236],[-73.99224,40.71228],[-73.99222,40.71207],[-73.99221,40.71197],[-73.99217,40.71178]],[[-74.00457,40.71242],[-74.00453,40.71227]],[[-74.00453,40.71227],[-74.00451,40.71223],[-74.00448,40.7122],[-74.00445,40.71216],[-74.00442,40.71213]],[[-74.00442,40.71213],[-74.00437,40.71209],[-74.00432,40.71204],[-74.00427,40.712]],[[-73.99655,40.70585],[-73.99621,40.70559]],[[-74.0067,40.72045],[-74.00658,40.72114]],[[-74.00135,40.70965],[-74.00055,40.70903]],[[-73.98987,40.72559],[-73.98943,40.7262]],[[-74.00159,40.7173],[-74.00134,40.71756],[-74.00099,40.71794]],[[-74.00757,40.72577],[-74.00756,40.72585]],[[-73.99809,40.70708],[-73.99655,40.70585]],[[-73.99853,40.71345],[-73.99842,40.7135]],[[-74.00089,40.71301],[-74.00081,40.71303],[-74.00064,40.71306],[-74.00019,40.71314],[-73.99908,40.71329],[-73.99889,40.71332],[-73.99865,40.7134],[-73.99853,40.71345]],[[-74.00428,40.71141],[-74.00447,40.71153]],[[-74.00174,40.70997],[-74.00156,40.70983]],[[-74.00839,40.71437],[-74.00794,40.71494]],[[-73.98859,40.72283],[-73.98864,40.72294]],[[-74.00037,40.7238],[-74.00113,40.72417]],[[-74.00221,40.72163],[-74.00145,40.72126]],[[-74.00001,40.70861],[-73.99993,40.70855]],[[-74.00158,40.70963],[-74.00152,40.7097]],[[-73.99498,40.70461],[-73.99464,40.70434]],[[-73.99481,40.71847],[-73.99383,40.71815]],[[-73.99247,40.71387],[-73.99246,40.71377],[-73.99239,40.7132]],[[-74.00486,40.71246],[-74.00471,40.71258],[-74.00429,40.71292]],[[-74.0086,40.7114],[-74.00838,40.71166],[-74.0081,40.712]],[[-74.00906,40.71089],[-74.0086,40.7114]],[[-74.01484,40.71108],[-74.01482,40.71118]],[[-73.98507,40.71382],[-73.98502,40.71394]],[[-74.01491,40.71092],[-74.01484,40.71108]]]}}]}
